period_date,year,quarter,month,sub_unit_id,personnel_costs,external_costs,other_costs,total_operating_expenses
2023-01-01,2023,Q1,1,COM_US,109.29,58.63,27.49,195.41
2023-02-01,2023,Q1,2,COM_US,107.57,57.6,30.27,195.44
2023-03-01,2023,Q1,3,COM_US,117.9,60.78,32.52,211.2
2023-04-01,2023,Q2,4,COM_US,119.58,67.15,30.73,217.46
2023-05-01,2023,Q2,5,COM_US,123.62,64.95,34.99,223.56
2023-06-01,2023,Q2,6,COM_US,125.47,72.92,33.54,231.93
2023-07-01,2023,Q3,7,COM_US,123.84,65.72,33.89,223.45
2023-08-01,2023,Q3,8,COM_US,127.36,65.97,36.08,229.41
2023-09-01,2023,Q3,9,COM_US,137.33,70.11,37.57,245.01
2023-10-01,2023,Q4,10,COM_US,137.41,71.96,38.54,247.91
2023-11-01,2023,Q4,11,COM_US,147.14,83.83,42.61,273.58
2023-12-01,2023,Q4,12,COM_US,154.01,79.65,40.8,274.46
2024-01-01,2024,Q1,1,COM_US,129.89,70.82,33.21,233.92
2024-02-01,2024,Q1,2,COM_US,135.3,75.22,37.28,247.8
2024-03-01,2024,Q1,3,COM_US,142.15,74.99,41.18,258.32
2024-04-01,2024,Q2,4,COM_US,137.92,75.09,37.34,250.35
2024-05-01,2024,Q2,5,COM_US,144.17,77.49,38.48,260.14
2024-06-01,2024,Q2,6,COM_US,152.35,87.06,41.76,281.17
2024-07-01,2024,Q3,7,COM_US,148.96,81.93,39.57,270.46
2024-08-01,2024,Q3,8,COM_US,156.72,83.95,40.34,281.01
2024-09-01,2024,Q3,9,COM_US,161.06,91.34,41.32,293.72
2024-10-01,2024,Q4,10,COM_US,176.77,91.63,49.19,317.59
2024-11-01,2024,Q4,11,COM_US,182.0,99.52,46.37,327.89
2024-12-01,2024,Q4,12,COM_US,189.66,103.67,47.09,340.42
2025-01-01,2025,Q1,1,COM_US,134.9,77.85,37.77,250.52
2025-02-01,2025,Q1,2,COM_US,145.92,76.74,37.12,259.78
2025-03-01,2025,Q1,3,COM_US,149.16,81.77,43.39,274.32
2025-04-01,2025,Q2,4,COM_US,156.96,83.45,39.43,279.84
2025-05-01,2025,Q2,5,COM_US,152.14,86.16,41.97,280.27
2025-06-01,2025,Q2,6,COM_US,169.1,90.19,44.96,304.25
2025-07-01,2025,Q3,7,COM_US,155.62,83.07,42.92,281.61
2025-08-01,2025,Q3,8,COM_US,158.21,85.73,45.04,288.98
2025-09-01,2025,Q3,9,COM_US,175.85,95.35,46.41,317.61
2025-10-01,2025,Q4,10,COM_US,181.18,102.87,51.19,335.24
2025-11-01,2025,Q4,11,COM_US,186.41,104.99,52.22,343.62
2025-12-01,2025,Q4,12,COM_US,194.41,104.12,57.53,356.06
2026-01-01,2026,Q1,1,COM_US,151.19,79.55,43.5,274.24
2026-02-01,2026,Q1,2,COM_US,151.47,87.68,44.51,283.66
2026-03-01,2026,Q1,3,COM_US,166.49,91.73,46.83,305.05
2026-04-01,2026,Q2,4,COM_US,156.24,83.16,42.76,282.16
2026-05-01,2026,Q2,5,COM_US,160.15,87.21,45.77,293.13
2026-06-01,2026,Q2,6,COM_US,173.95,91.56,44.64,310.15
2026-07-01,2026,Q3,7,COM_US,167.9,95.93,46.5,310.33
2026-08-01,2026,Q3,8,COM_US,174.2,96.52,51.16,321.88
2026-09-01,2026,Q3,9,COM_US,179.81,98.13,51.47,329.41
2026-10-01,2026,Q4,10,COM_US,202.5,104.31,53.26,360.07
2026-11-01,2026,Q4,11,COM_US,201.06,108.13,57.81,367.0
2026-12-01,2026,Q4,12,COM_US,212.09,110.68,53.39,376.16
2023-01-01,2023,Q1,1,COM_CN,53.59,27.93,13.53,95.05
2023-02-01,2023,Q1,2,COM_CN,53.83,28.83,15.66,98.32
2023-03-01,2023,Q1,3,COM_CN,56.92,31.37,15.09,103.38
2023-04-01,2023,Q2,4,COM_CN,56.76,29.66,14.7,101.12
2023-05-01,2023,Q2,5,COM_CN,58.54,31.66,15.44,105.64
2023-06-01,2023,Q2,6,COM_CN,63.47,34.05,15.95,113.47
2023-07-01,2023,Q3,7,COM_CN,60.24,33.44,16.81,110.49
2023-08-01,2023,Q3,8,COM_CN,60.78,33.84,17.68,112.3
2023-09-01,2023,Q3,9,COM_CN,68.44,36.38,17.77,122.59
2023-10-01,2023,Q4,10,COM_CN,70.14,37.18,19.19,126.51
2023-11-01,2023,Q4,11,COM_CN,72.27,38.98,20.73,131.98
2023-12-01,2023,Q4,12,COM_CN,79.62,41.57,21.5,142.69
2024-01-01,2024,Q1,1,COM_CN,64.95,33.95,18.21,117.11
2024-02-01,2024,Q1,2,COM_CN,66.59,38.06,19.09,123.74
2024-03-01,2024,Q1,3,COM_CN,73.46,39.68,20.81,133.95
2024-04-01,2024,Q2,4,COM_CN,72.77,40.28,18.85,131.9
2024-05-01,2024,Q2,5,COM_CN,72.89,40.86,20.47,134.22
2024-06-01,2024,Q2,6,COM_CN,78.32,43.45,22.35,144.12
2024-07-01,2024,Q3,7,COM_CN,76.63,41.64,21.2,139.47
2024-08-01,2024,Q3,8,COM_CN,76.62,41.75,21.11,139.48
2024-09-01,2024,Q3,9,COM_CN,79.73,44.41,21.28,145.42
2024-10-01,2024,Q4,10,COM_CN,82.96,46.88,23.74,153.58
2024-11-01,2024,Q4,11,COM_CN,86.86,48.49,25.39,160.74
2024-12-01,2024,Q4,12,COM_CN,90.72,50.66,24.51,165.89
2025-01-01,2025,Q1,1,COM_CN,70.45,38.76,19.15,128.36
2025-02-01,2025,Q1,2,COM_CN,72.49,37.77,19.36,129.62
2025-03-01,2025,Q1,3,COM_CN,77.82,43.14,20.64,141.6
2025-04-01,2025,Q2,4,COM_CN,74.98,40.32,19.58,134.88
2025-05-01,2025,Q2,5,COM_CN,77.14,42.13,22.83,142.1
2025-06-01,2025,Q2,6,COM_CN,81.71,44.77,22.32,148.8
2025-07-01,2025,Q3,7,COM_CN,77.97,43.5,22.97,144.44
2025-08-01,2025,Q3,8,COM_CN,79.79,44.33,22.17,146.29
2025-09-01,2025,Q3,9,COM_CN,89.95,46.64,22.76,159.35
2025-10-01,2025,Q4,10,COM_CN,93.44,51.3,23.61,168.35
2025-11-01,2025,Q4,11,COM_CN,95.07,50.43,26.52,172.02
2025-12-01,2025,Q4,12,COM_CN,101.21,54.29,25.78,181.28
2026-01-01,2026,Q1,1,COM_CN,75.78,40.31,20.46,136.55
2026-02-01,2026,Q1,2,COM_CN,73.89,41.64,20.24,135.77
2026-03-01,2026,Q1,3,COM_CN,78.68,45.57,22.81,147.06
2026-04-01,2026,Q2,4,COM_CN,83.18,45.24,21.11,149.53
2026-05-01,2026,Q2,5,COM_CN,83.27,45.12,24.38,152.77
2026-06-01,2026,Q2,6,COM_CN,90.1,50.25,25.57,165.92
2026-07-01,2026,Q3,7,COM_CN,84.21,43.94,21.48,149.63
2026-08-01,2026,Q3,8,COM_CN,88.15,45.55,22.61,156.31
2026-09-01,2026,Q3,9,COM_CN,93.14,52.12,26.35,171.61
2026-10-01,2026,Q4,10,COM_CN,93.83,50.84,26.63,171.3
2026-11-01,2026,Q4,11,COM_CN,100.71,55.27,27.34,183.32
2026-12-01,2026,Q4,12,COM_CN,106.33,55.75,28.46,190.54
2023-01-01,2023,Q1,1,COM_MKTG,68.21,34.9,16.95,120.06
2023-02-01,2023,Q1,2,COM_MKTG,67.46,36.27,18.02,121.75
2023-03-01,2023,Q1,3,COM_MKTG,71.63,40.74,20.56,132.93
2023-04-01,2023,Q2,4,COM_MKTG,71.38,38.9,19.95,130.23
2023-05-01,2023,Q2,5,COM_MKTG,73.03,41.37,21.17,135.57
2023-06-01,2023,Q2,6,COM_MKTG,76.34,41.04,21.06,138.44
2023-07-01,2023,Q3,7,COM_MKTG,72.32,39.06,19.1,130.48
2023-08-01,2023,Q3,8,COM_MKTG,78.59,42.08,21.81,142.48
2023-09-01,2023,Q3,9,COM_MKTG,83.23,46.88,23.3,153.41
2023-10-01,2023,Q4,10,COM_MKTG,88.77,45.77,24.0,158.54
2023-11-01,2023,Q4,11,COM_MKTG,91.86,47.13,24.96,163.95
2023-12-01,2023,Q4,12,COM_MKTG,93.79,50.54,25.82,170.15
2024-01-01,2024,Q1,1,COM_MKTG,82.45,43.03,21.81,147.29
2024-02-01,2024,Q1,2,COM_MKTG,81.24,46.41,24.37,152.02
2024-03-01,2024,Q1,3,COM_MKTG,88.38,48.19,23.34,159.91
2024-04-01,2024,Q2,4,COM_MKTG,91.64,49.43,25.18,166.25
2024-05-01,2024,Q2,5,COM_MKTG,91.75,52.81,26.01,170.57
2024-06-01,2024,Q2,6,COM_MKTG,97.43,49.82,26.92,174.17
2024-07-01,2024,Q3,7,COM_MKTG,94.25,52.49,24.45,171.19
2024-08-01,2024,Q3,8,COM_MKTG,95.4,52.02,24.42,171.84
2024-09-01,2024,Q3,9,COM_MKTG,100.61,54.22,25.29,180.12
2024-10-01,2024,Q4,10,COM_MKTG,103.69,60.68,27.43,191.8
2024-11-01,2024,Q4,11,COM_MKTG,110.31,60.53,29.89,200.73
2024-12-01,2024,Q4,12,COM_MKTG,116.86,63.55,31.34,211.75
2025-01-01,2025,Q1,1,COM_MKTG,86.78,48.09,22.57,157.44
2025-02-01,2025,Q1,2,COM_MKTG,88.94,46.11,24.85,159.9
2025-03-01,2025,Q1,3,COM_MKTG,95.66,50.42,26.67,172.75
2025-04-01,2025,Q2,4,COM_MKTG,93.53,51.09,24.89,169.51
2025-05-01,2025,Q2,5,COM_MKTG,97.79,54.86,28.54,181.19
2025-06-01,2025,Q2,6,COM_MKTG,103.65,55.71,29.99,189.35
2025-07-01,2025,Q3,7,COM_MKTG,98.59,53.71,26.89,179.19
2025-08-01,2025,Q3,8,COM_MKTG,101.9,57.71,27.41,187.02
2025-09-01,2025,Q3,9,COM_MKTG,108.01,57.57,30.39,195.97
2025-10-01,2025,Q4,10,COM_MKTG,116.77,61.58,31.07,209.42
2025-11-01,2025,Q4,11,COM_MKTG,120.16,64.85,31.39,216.4
2025-12-01,2025,Q4,12,COM_MKTG,126.27,66.0,31.59,223.86
2026-01-01,2026,Q1,1,COM_MKTG,89.8,50.43,26.02,166.25
2026-02-01,2026,Q1,2,COM_MKTG,97.41,52.28,24.42,174.11
2026-03-01,2026,Q1,3,COM_MKTG,99.88,58.38,29.18,187.44
2026-04-01,2026,Q2,4,COM_MKTG,100.34,52.37,26.89,179.6
2026-05-01,2026,Q2,5,COM_MKTG,105.0,54.07,26.86,185.93
2026-06-01,2026,Q2,6,COM_MKTG,108.62,59.45,29.66,197.73
2026-07-01,2026,Q3,7,COM_MKTG,105.6,57.5,28.06,191.16
2026-08-01,2026,Q3,8,COM_MKTG,105.63,56.09,30.33,192.05
2026-09-01,2026,Q3,9,COM_MKTG,115.94,62.75,30.59,209.28
2026-10-01,2026,Q4,10,COM_MKTG,120.86,64.08,33.35,218.29
2026-11-01,2026,Q4,11,COM_MKTG,122.14,67.39,32.54,222.07
2026-12-01,2026,Q4,12,COM_MKTG,129.17,69.01,38.01,236.19
2023-01-01,2023,Q1,1,COM_ACCESS,39.28,21.45,10.7,71.43
2023-02-01,2023,Q1,2,COM_ACCESS,40.53,21.38,10.62,72.53
2023-03-01,2023,Q1,3,COM_ACCESS,41.9,22.85,12.06,76.81
2023-04-01,2023,Q2,4,COM_ACCESS,44.08,22.82,11.6,78.5
2023-05-01,2023,Q2,5,COM_ACCESS,46.24,25.78,12.27,84.29
2023-06-01,2023,Q2,6,COM_ACCESS,46.23,25.43,12.61,84.27
2023-07-01,2023,Q3,7,COM_ACCESS,46.53,23.85,12.6,82.98
2023-08-01,2023,Q3,8,COM_ACCESS,45.87,25.81,12.84,84.52
2023-09-01,2023,Q3,9,COM_ACCESS,49.57,25.81,14.45,89.83
2023-10-01,2023,Q4,10,COM_ACCESS,51.55,28.07,13.77,93.39
2023-11-01,2023,Q4,11,COM_ACCESS,53.68,29.84,15.32,98.84
2023-12-01,2023,Q4,12,COM_ACCESS,58.53,29.96,15.88,104.37
2024-01-01,2024,Q1,1,COM_ACCESS,49.5,26.17,12.46,88.13
2024-02-01,2024,Q1,2,COM_ACCESS,48.81,28.37,12.69,89.87
2024-03-01,2024,Q1,3,COM_ACCESS,53.73,27.5,14.63,95.86
2024-04-01,2024,Q2,4,COM_ACCESS,52.21,29.35,13.83,95.39
2024-05-01,2024,Q2,5,COM_ACCESS,56.32,31.09,15.97,103.38
2024-06-01,2024,Q2,6,COM_ACCESS,58.04,32.2,17.02,107.26
2024-07-01,2024,Q3,7,COM_ACCESS,56.0,30.74,14.51,101.25
2024-08-01,2024,Q3,8,COM_ACCESS,58.5,32.32,16.57,107.39
2024-09-01,2024,Q3,9,COM_ACCESS,59.17,32.69,15.78,107.64
2024-10-01,2024,Q4,10,COM_ACCESS,64.51,34.96,16.7,116.17
2024-11-01,2024,Q4,11,COM_ACCESS,65.86,35.77,17.12,118.75
2024-12-01,2024,Q4,12,COM_ACCESS,71.26,38.01,18.73,128.0
2025-01-01,2025,Q1,1,COM_ACCESS,52.01,29.17,13.35,94.53
2025-02-01,2025,Q1,2,COM_ACCESS,53.06,30.48,14.86,98.4
2025-03-01,2025,Q1,3,COM_ACCESS,54.6,30.55,15.36,100.51
2025-04-01,2025,Q2,4,COM_ACCESS,58.41,31.39,14.91,104.71
2025-05-01,2025,Q2,5,COM_ACCESS,58.17,31.08,15.49,104.74
2025-06-01,2025,Q2,6,COM_ACCESS,63.13,32.49,17.77,113.39
2025-07-01,2025,Q3,7,COM_ACCESS,59.82,31.07,17.17,108.06
2025-08-01,2025,Q3,8,COM_ACCESS,62.79,34.86,17.39,115.04
2025-09-01,2025,Q3,9,COM_ACCESS,64.7,36.52,18.56,119.78
2025-10-01,2025,Q4,10,COM_ACCESS,70.26,38.52,20.11,128.89
2025-11-01,2025,Q4,11,COM_ACCESS,71.77,38.3,18.3,128.37
2025-12-01,2025,Q4,12,COM_ACCESS,71.86,42.04,21.36,135.26
2026-01-01,2026,Q1,1,COM_ACCESS,54.59,31.22,15.12,100.93
2026-02-01,2026,Q1,2,COM_ACCESS,58.41,30.7,15.6,104.71
2026-03-01,2026,Q1,3,COM_ACCESS,62.34,33.39,16.44,112.17
2026-04-01,2026,Q2,4,COM_ACCESS,61.47,33.3,15.61,110.38
2026-05-01,2026,Q2,5,COM_ACCESS,62.02,35.59,16.67,114.28
2026-06-01,2026,Q2,6,COM_ACCESS,64.2,35.9,17.93,118.03
2026-07-01,2026,Q3,7,COM_ACCESS,62.07,35.89,18.18,116.14
2026-08-01,2026,Q3,8,COM_ACCESS,65.24,34.35,18.16,117.75
2026-09-01,2026,Q3,9,COM_ACCESS,68.3,38.76,17.98,125.04
2026-10-01,2026,Q4,10,COM_ACCESS,72.61,42.02,20.71,135.34
2026-11-01,2026,Q4,11,COM_ACCESS,76.76,42.86,21.11,140.73
2026-12-01,2026,Q4,12,COM_ACCESS,78.73,44.89,20.52,144.14
2023-01-01,2023,Q1,1,RD_ONCO,90.66,99.48,32.74,222.88
2023-02-01,2023,Q1,2,RD_ONCO,88.2,106.09,34.68,228.97
2023-03-01,2023,Q1,3,RD_ONCO,96.4,108.2,38.89,243.49
2023-04-01,2023,Q2,4,RD_ONCO,98.11,109.76,35.52,243.39
2023-05-01,2023,Q2,5,RD_ONCO,99.99,108.87,40.05,248.91
2023-06-01,2023,Q2,6,RD_ONCO,106.58,123.61,40.66,270.85
2023-07-01,2023,Q3,7,RD_ONCO,99.38,107.33,37.68,244.39
2023-08-01,2023,Q3,8,RD_ONCO,103.94,119.17,39.18,262.29
2023-09-01,2023,Q3,9,RD_ONCO,107.7,124.11,40.25,272.06
2023-10-01,2023,Q4,10,RD_ONCO,115.63,128.97,44.71,289.31
2023-11-01,2023,Q4,11,RD_ONCO,115.5,133.12,43.41,292.03
2023-12-01,2023,Q4,12,RD_ONCO,125.44,137.82,48.71,311.97
2024-01-01,2024,Q1,1,RD_ONCO,104.64,120.13,40.09,264.86
2024-02-01,2024,Q1,2,RD_ONCO,109.93,125.07,43.41,278.41
2024-03-01,2024,Q1,3,RD_ONCO,117.93,132.34,45.08,295.35
2024-04-01,2024,Q2,4,RD_ONCO,120.74,135.28,43.64,299.66
2024-05-01,2024,Q2,5,RD_ONCO,123.47,137.24,46.89,307.6
2024-06-01,2024,Q2,6,RD_ONCO,127.28,144.1,47.05,318.43
2024-07-01,2024,Q3,7,RD_ONCO,124.84,138.91,47.56,311.31
2024-08-01,2024,Q3,8,RD_ONCO,128.65,140.77,49.3,318.72
2024-09-01,2024,Q3,9,RD_ONCO,133.18,153.62,53.11,339.91
2024-10-01,2024,Q4,10,RD_ONCO,145.75,163.82,50.52,360.09
2024-11-01,2024,Q4,11,RD_ONCO,144.89,169.5,58.34,372.73
2024-12-01,2024,Q4,12,RD_ONCO,156.21,185.96,55.36,397.53
2025-01-01,2025,Q1,1,RD_ONCO,111.45,126.15,40.02,277.62
2025-02-01,2025,Q1,2,RD_ONCO,117.02,131.29,41.75,290.06
2025-03-01,2025,Q1,3,RD_ONCO,124.61,138.26,43.7,306.57
2025-04-01,2025,Q2,4,RD_ONCO,126.9,140.39,49.57,316.86
2025-05-01,2025,Q2,5,RD_ONCO,133.43,151.94,46.73,332.1
2025-06-01,2025,Q2,6,RD_ONCO,133.04,152.45,52.42,337.91
2025-07-01,2025,Q3,7,RD_ONCO,130.33,146.16,51.59,328.08
2025-08-01,2025,Q3,8,RD_ONCO,139.26,160.2,51.24,350.7
2025-09-01,2025,Q3,9,RD_ONCO,142.52,153.41,50.15,346.08
2025-10-01,2025,Q4,10,RD_ONCO,148.77,169.98,60.49,379.24
2025-11-01,2025,Q4,11,RD_ONCO,157.23,179.8,58.96,395.99
2025-12-01,2025,Q4,12,RD_ONCO,167.92,186.61,65.27,419.8
2026-01-01,2026,Q1,1,RD_ONCO,125.67,132.46,45.01,303.14
2026-02-01,2026,Q1,2,RD_ONCO,125.15,140.18,48.68,314.01
2026-03-01,2026,Q1,3,RD_ONCO,131.11,152.75,51.91,335.77
2026-04-01,2026,Q2,4,RD_ONCO,136.78,145.52,52.08,334.38
2026-05-01,2026,Q2,5,RD_ONCO,136.31,151.42,52.59,340.32
2026-06-01,2026,Q2,6,RD_ONCO,147.95,170.9,54.71,373.56
2026-07-01,2026,Q3,7,RD_ONCO,135.11,149.44,53.34,337.89
2026-08-01,2026,Q3,8,RD_ONCO,140.5,167.73,54.4,362.63
2026-09-01,2026,Q3,9,RD_ONCO,154.43,176.21,54.65,385.29
2026-10-01,2026,Q4,10,RD_ONCO,162.5,183.22,63.43,409.15
2026-11-01,2026,Q4,11,RD_ONCO,162.08,186.8,60.09,408.97
2026-12-01,2026,Q4,12,RD_ONCO,174.02,188.52,65.63,428.17
2023-01-01,2023,Q1,1,RD_BIO,66.15,74.93,24.58,165.66
2023-02-01,2023,Q1,2,RD_BIO,68.29,77.11,24.09,169.49
2023-03-01,2023,Q1,3,RD_BIO,74.14,80.04,25.47,179.65
2023-04-01,2023,Q2,4,RD_BIO,72.93,79.11,26.59,178.63
2023-05-01,2023,Q2,5,RD_BIO,72.83,84.72,26.92,184.47
2023-06-01,2023,Q2,6,RD_BIO,80.99,89.65,30.85,201.49
2023-07-01,2023,Q3,7,RD_BIO,74.64,83.4,27.21,185.25
2023-08-01,2023,Q3,8,RD_BIO,77.91,88.83,26.84,193.58
2023-09-01,2023,Q3,9,RD_BIO,79.83,95.12,30.06,205.01
2023-10-01,2023,Q4,10,RD_BIO,88.43,101.41,33.87,223.71
2023-11-01,2023,Q4,11,RD_BIO,91.49,97.6,33.21,222.3
2023-12-01,2023,Q4,12,RD_BIO,98.05,104.14,35.81,238.0
2024-01-01,2024,Q1,1,RD_BIO,80.22,94.09,31.03,205.34
2024-02-01,2024,Q1,2,RD_BIO,83.86,93.56,32.66,210.08
2024-03-01,2024,Q1,3,RD_BIO,88.34,97.63,31.08,217.05
2024-04-01,2024,Q2,4,RD_BIO,85.21,99.8,30.76,215.77
2024-05-01,2024,Q2,5,RD_BIO,91.24,108.33,34.5,234.07
2024-06-01,2024,Q2,6,RD_BIO,100.12,110.0,36.63,246.75
2024-07-01,2024,Q3,7,RD_BIO,90.3,97.77,35.33,223.4
2024-08-01,2024,Q3,8,RD_BIO,96.55,100.46,35.07,232.08
2024-09-01,2024,Q3,9,RD_BIO,99.59,110.76,38.41,248.76
2024-10-01,2024,Q4,10,RD_BIO,109.15,114.84,41.84,265.83
2024-11-01,2024,Q4,11,RD_BIO,110.08,127.53,44.71,282.32
2024-12-01,2024,Q4,12,RD_BIO,117.93,136.92,41.35,296.2
2025-01-01,2025,Q1,1,RD_BIO,86.13,101.05,32.73,219.91
2025-02-01,2025,Q1,2,RD_BIO,87.57,98.6,33.8,219.97
2025-03-01,2025,Q1,3,RD_BIO,95.83,111.29,33.89,241.01
2025-04-01,2025,Q2,4,RD_BIO,94.33,110.79,35.93,241.05
2025-05-01,2025,Q2,5,RD_BIO,95.64,105.9,36.22,237.76
2025-06-01,2025,Q2,6,RD_BIO,100.67,110.25,38.49,249.41
2025-07-01,2025,Q3,7,RD_BIO,101.03,112.01,39.3,252.34
2025-08-01,2025,Q3,8,RD_BIO,98.83,114.94,39.73,253.5
2025-09-01,2025,Q3,9,RD_BIO,105.56,124.22,40.29,270.07
2025-10-01,2025,Q4,10,RD_BIO,114.59,128.71,44.41,287.71
2025-11-01,2025,Q4,11,RD_BIO,114.38,125.33,41.47,281.18
2025-12-01,2025,Q4,12,RD_BIO,127.72,135.02,49.74,312.48
2026-01-01,2026,Q1,1,RD_BIO,92.13,104.67,32.77,229.57
2026-02-01,2026,Q1,2,RD_BIO,94.41,109.06,37.06,240.53
2026-03-01,2026,Q1,3,RD_BIO,100.26,107.56,39.56,247.38
2026-04-01,2026,Q2,4,RD_BIO,101.69,112.65,36.25,250.59
2026-05-01,2026,Q2,5,RD_BIO,101.22,116.57,40.12,257.91
2026-06-01,2026,Q2,6,RD_BIO,111.74,119.08,43.53,274.35
2026-07-01,2026,Q3,7,RD_BIO,107.12,118.39,38.5,264.01
2026-08-01,2026,Q3,8,RD_BIO,105.51,119.97,41.46,266.94
2026-09-01,2026,Q3,9,RD_BIO,111.58,130.55,44.81,286.94
2026-10-01,2026,Q4,10,RD_BIO,120.7,141.05,46.03,307.78
2026-11-01,2026,Q4,11,RD_BIO,120.25,139.95,44.33,304.53
2026-12-01,2026,Q4,12,RD_BIO,134.95,154.38,46.18,335.51
2023-01-01,2023,Q1,1,RD_CLIN,43.91,49.15,17.78,110.84
2023-02-01,2023,Q1,2,RD_CLIN,47.46,50.73,17.15,115.34
2023-03-01,2023,Q1,3,RD_CLIN,49.81,53.37,18.41,121.59
2023-04-01,2023,Q2,4,RD_CLIN,48.23,52.34,18.5,119.07
2023-05-01,2023,Q2,5,RD_CLIN,48.86,57.06,18.78,124.7
2023-06-01,2023,Q2,6,RD_CLIN,51.6,60.9,20.64,133.14
2023-07-01,2023,Q3,7,RD_CLIN,50.87,57.17,18.06,126.1
2023-08-01,2023,Q3,8,RD_CLIN,51.99,56.1,19.27,127.36
2023-09-01,2023,Q3,9,RD_CLIN,54.42,62.2,21.47,138.09
2023-10-01,2023,Q4,10,RD_CLIN,59.98,68.56,22.39,150.93
2023-11-01,2023,Q4,11,RD_CLIN,60.57,69.04,22.86,152.47
2023-12-01,2023,Q4,12,RD_CLIN,61.96,73.93,24.36,160.25
2024-01-01,2024,Q1,1,RD_CLIN,53.85,60.34,20.61,134.8
2024-02-01,2024,Q1,2,RD_CLIN,56.45,62.38,20.63,139.46
2024-03-01,2024,Q1,3,RD_CLIN,60.12,68.22,22.47,150.81
2024-04-01,2024,Q2,4,RD_CLIN,59.5,64.32,21.37,145.19
2024-05-01,2024,Q2,5,RD_CLIN,60.18,64.75,23.97,148.9
2024-06-01,2024,Q2,6,RD_CLIN,66.34,73.67,24.17,164.18
2024-07-01,2024,Q3,7,RD_CLIN,60.49,70.67,24.25,155.41
2024-08-01,2024,Q3,8,RD_CLIN,63.48,74.57,23.77,161.82
2024-09-01,2024,Q3,9,RD_CLIN,66.28,71.14,25.11,162.53
2024-10-01,2024,Q4,10,RD_CLIN,72.72,77.13,25.18,175.03
2024-11-01,2024,Q4,11,RD_CLIN,73.5,77.22,26.03,176.75
2024-12-01,2024,Q4,12,RD_CLIN,78.46,82.08,29.52,190.06
2025-01-01,2025,Q1,1,RD_CLIN,55.97,63.26,21.14,140.37
2025-02-01,2025,Q1,2,RD_CLIN,60.37,65.32,23.54,149.23
2025-03-01,2025,Q1,3,RD_CLIN,61.12,70.24,24.69,156.05
2025-04-01,2025,Q2,4,RD_CLIN,64.52,72.96,22.59,160.07
2025-05-01,2025,Q2,5,RD_CLIN,64.94,69.71,24.28,158.93
2025-06-01,2025,Q2,6,RD_CLIN,68.85,79.78,27.23,175.86
2025-07-01,2025,Q3,7,RD_CLIN,66.54,71.97,24.08,162.59
2025-08-01,2025,Q3,8,RD_CLIN,69.23,76.88,26.58,172.69
2025-09-01,2025,Q3,9,RD_CLIN,73.81,77.82,26.06,177.69
2025-10-01,2025,Q4,10,RD_CLIN,77.21,81.33,29.82,188.36
2025-11-01,2025,Q4,11,RD_CLIN,77.59,85.01,28.73,191.33
2025-12-01,2025,Q4,12,RD_CLIN,83.07,95.78,32.51,211.36
2026-01-01,2026,Q1,1,RD_CLIN,63.03,67.79,21.72,152.54
2026-02-01,2026,Q1,2,RD_CLIN,61.48,73.33,25.27,160.08
2026-03-01,2026,Q1,3,RD_CLIN,64.79,72.5,25.77,163.06
2026-04-01,2026,Q2,4,RD_CLIN,65.73,70.81,24.98,161.52
2026-05-01,2026,Q2,5,RD_CLIN,71.22,78.85,27.04,177.11
2026-06-01,2026,Q2,6,RD_CLIN,72.79,82.23,25.49,180.51
2026-07-01,2026,Q3,7,RD_CLIN,72.11,81.89,26.34,180.34
2026-08-01,2026,Q3,8,RD_CLIN,72.5,79.65,25.75,177.9
2026-09-01,2026,Q3,9,RD_CLIN,76.08,85.99,28.96,191.03
2026-10-01,2026,Q4,10,RD_CLIN,77.83,90.34,30.98,199.15
2026-11-01,2026,Q4,11,RD_CLIN,81.81,92.25,30.88,204.94
2026-12-01,2026,Q4,12,RD_CLIN,88.97,101.33,31.54,221.84
2023-01-01,2023,Q1,1,RD_REG,21.47,25.1,7.86,54.43
2023-02-01,2023,Q1,2,RD_REG,23.54,24.85,9.06,57.45
2023-03-01,2023,Q1,3,RD_REG,24.67,26.93,9.55,61.15
2023-04-01,2023,Q2,4,RD_REG,24.55,27.61,9.56,61.72
2023-05-01,2023,Q2,5,RD_REG,23.95,26.13,9.77,59.85
2023-06-01,2023,Q2,6,RD_REG,25.93,27.64,10.29,63.86
2023-07-01,2023,Q3,7,RD_REG,26.0,28.19,9.04,63.23
2023-08-01,2023,Q3,8,RD_REG,25.14,28.91,9.45,63.5
2023-09-01,2023,Q3,9,RD_REG,26.98,32.1,10.18,69.26
2023-10-01,2023,Q4,10,RD_REG,29.43,33.88,11.33,74.64
2023-11-01,2023,Q4,11,RD_REG,29.44,33.17,11.45,74.06
2023-12-01,2023,Q4,12,RD_REG,32.89,34.91,12.42,80.22
2024-01-01,2024,Q1,1,RD_REG,27.31,31.78,10.82,69.91
2024-02-01,2024,Q1,2,RD_REG,28.63,30.69,10.82,70.14
2024-03-01,2024,Q1,3,RD_REG,28.9,31.76,11.49,72.15
2024-04-01,2024,Q2,4,RD_REG,29.35,32.63,11.09,73.07
2024-05-01,2024,Q2,5,RD_REG,31.14,33.72,11.89,76.75
2024-06-01,2024,Q2,6,RD_REG,32.09,38.2,11.69,81.98
2024-07-01,2024,Q3,7,RD_REG,31.27,34.01,12.02,77.3
2024-08-01,2024,Q3,8,RD_REG,31.67,33.49,12.11,77.27
2024-09-01,2024,Q3,9,RD_REG,32.25,36.88,13.16,82.29
2024-10-01,2024,Q4,10,RD_REG,37.14,40.43,14.46,92.03
2024-11-01,2024,Q4,11,RD_REG,36.41,39.88,12.99,89.28
2024-12-01,2024,Q4,12,RD_REG,39.93,43.87,14.01,97.81
2025-01-01,2025,Q1,1,RD_REG,28.82,31.17,10.12,70.11
2025-02-01,2025,Q1,2,RD_REG,29.66,33.16,11.86,74.68
2025-03-01,2025,Q1,3,RD_REG,32.12,36.28,11.54,79.94
2025-04-01,2025,Q2,4,RD_REG,31.7,34.13,11.65,77.48
2025-05-01,2025,Q2,5,RD_REG,32.93,37.64,13.08,83.65
2025-06-01,2025,Q2,6,RD_REG,32.9,38.22,13.49,84.61
2025-07-01,2025,Q3,7,RD_REG,32.44,37.5,12.74,82.68
2025-08-01,2025,Q3,8,RD_REG,33.03,39.25,11.95,84.23
2025-09-01,2025,Q3,9,RD_REG,35.79,39.32,14.41,89.52
2025-10-01,2025,Q4,10,RD_REG,39.06,42.12,15.07,96.25
2025-11-01,2025,Q4,11,RD_REG,39.38,41.59,14.65,95.62
2025-12-01,2025,Q4,12,RD_REG,41.13,44.92,14.76,100.81
2026-01-01,2026,Q1,1,RD_REG,30.17,35.44,10.88,76.49
2026-02-01,2026,Q1,2,RD_REG,31.49,35.17,11.91,78.57
2026-03-01,2026,Q1,3,RD_REG,33.0,38.32,12.17,83.49
2026-04-01,2026,Q2,4,RD_REG,33.28,37.36,13.58,84.22
2026-05-01,2026,Q2,5,RD_REG,34.68,38.07,13.22,85.97
2026-06-01,2026,Q2,6,RD_REG,37.87,42.67,13.85,94.39
2026-07-01,2026,Q3,7,RD_REG,34.73,39.83,13.88,88.44
2026-08-01,2026,Q3,8,RD_REG,35.97,38.07,13.99,88.03
2026-09-01,2026,Q3,9,RD_REG,38.6,41.01,13.8,93.41
2026-10-01,2026,Q4,10,RD_REG,39.73,45.27,15.45,100.45
2026-11-01,2026,Q4,11,RD_REG,42.03,45.66,14.96,102.65
2026-12-01,2026,Q4,12,RD_REG,43.78,48.35,17.53,109.66
2023-01-01,2023,Q1,1,OPS_US,25.64,20.37,11.22,57.23
2023-02-01,2023,Q1,2,OPS_US,27.22,22.14,12.9,62.26
2023-03-01,2023,Q1,3,OPS_US,29.12,23.08,12.65,64.85
2023-04-01,2023,Q2,4,OPS_US,28.56,23.18,12.33,64.07
2023-05-01,2023,Q2,5,OPS_US,29.3,24.14,13.79,67.23
2023-06-01,2023,Q2,6,OPS_US,31.04,24.79,13.51,69.34
2023-07-01,2023,Q3,7,OPS_US,29.42,22.33,13.06,64.81
2023-08-01,2023,Q3,8,OPS_US,30.04,23.31,12.98,66.33
2023-09-01,2023,Q3,9,OPS_US,31.58,24.89,14.67,71.14
2023-10-01,2023,Q4,10,OPS_US,33.94,26.27,15.0,75.21
2023-11-01,2023,Q4,11,OPS_US,34.51,26.45,16.32,77.28
2023-12-01,2023,Q4,12,OPS_US,37.88,29.42,16.35,83.65
2024-01-01,2024,Q1,1,OPS_US,33.13,24.08,15.32,72.53
2024-02-01,2024,Q1,2,OPS_US,31.48,24.78,13.99,70.25
2024-03-01,2024,Q1,3,OPS_US,35.85,27.65,14.55,78.05
2024-04-01,2024,Q2,4,OPS_US,35.54,26.4,14.57,76.51
2024-05-01,2024,Q2,5,OPS_US,36.73,27.84,15.51,80.08
2024-06-01,2024,Q2,6,OPS_US,39.08,31.12,17.52,87.72
2024-07-01,2024,Q3,7,OPS_US,35.52,27.42,15.06,78.0
2024-08-01,2024,Q3,8,OPS_US,37.06,28.48,16.74,82.28
2024-09-01,2024,Q3,9,OPS_US,38.62,31.27,17.52,87.41
2024-10-01,2024,Q4,10,OPS_US,42.31,30.77,17.51,90.59
2024-11-01,2024,Q4,11,OPS_US,42.5,34.26,20.1,96.86
2024-12-01,2024,Q4,12,OPS_US,45.38,34.8,19.86,100.04
2025-01-01,2025,Q1,1,OPS_US,34.35,27.43,15.71,77.49
2025-02-01,2025,Q1,2,OPS_US,35.4,26.88,15.52,77.8
2025-03-01,2025,Q1,3,OPS_US,38.8,30.03,17.02,85.85
2025-04-01,2025,Q2,4,OPS_US,37.55,28.05,16.19,81.79
2025-05-01,2025,Q2,5,OPS_US,39.14,28.69,15.96,83.79
2025-06-01,2025,Q2,6,OPS_US,40.68,33.3,18.51,92.49
2025-07-01,2025,Q3,7,OPS_US,39.42,30.63,15.87,85.92
2025-08-01,2025,Q3,8,OPS_US,40.59,31.46,16.59,88.64
2025-09-01,2025,Q3,9,OPS_US,42.15,34.53,19.91,96.59
2025-10-01,2025,Q4,10,OPS_US,43.87,34.29,20.13,98.29
2025-11-01,2025,Q4,11,OPS_US,46.62,34.14,20.52,101.28
2025-12-01,2025,Q4,12,OPS_US,50.38,40.49,23.64,114.51
2026-01-01,2026,Q1,1,OPS_US,35.95,27.44,17.46,80.85
2026-02-01,2026,Q1,2,OPS_US,37.23,29.06,16.81,83.1
2026-03-01,2026,Q1,3,OPS_US,39.52,30.71,18.7,88.93
2026-04-01,2026,Q2,4,OPS_US,40.88,29.81,17.94,88.63
2026-05-01,2026,Q2,5,OPS_US,42.0,32.18,17.25,91.43
2026-06-01,2026,Q2,6,OPS_US,43.44,32.53,19.03,95.0
2026-07-01,2026,Q3,7,OPS_US,40.97,32.9,19.03,92.9
2026-08-01,2026,Q3,8,OPS_US,43.13,33.18,18.84,95.15
2026-09-01,2026,Q3,9,OPS_US,44.19,35.09,21.18,100.46
2026-10-01,2026,Q4,10,OPS_US,47.48,36.18,19.78,103.44
2026-11-01,2026,Q4,11,OPS_US,48.47,37.26,22.61,108.34
2026-12-01,2026,Q4,12,OPS_US,50.82,39.66,22.15,112.63
2023-01-01,2023,Q1,1,OPS_CN,18.38,15.22,8.56,42.16
2023-02-01,2023,Q1,2,OPS_CN,19.05,15.58,8.42,43.05
2023-03-01,2023,Q1,3,OPS_CN,20.45,14.9,9.2,44.55
2023-04-01,2023,Q2,4,OPS_CN,19.52,14.91,9.42,43.85
2023-05-01,2023,Q2,5,OPS_CN,20.76,16.51,9.08,46.35
2023-06-01,2023,Q2,6,OPS_CN,21.36,17.57,9.84,48.77
2023-07-01,2023,Q3,7,OPS_CN,22.04,16.74,9.21,47.99
2023-08-01,2023,Q3,8,OPS_CN,21.1,17.44,9.03,47.57
2023-09-01,2023,Q3,9,OPS_CN,22.64,17.23,9.61,49.48
2023-10-01,2023,Q4,10,OPS_CN,25.22,18.71,11.2,55.13
2023-11-01,2023,Q4,11,OPS_CN,25.69,20.27,11.04,57.0
2023-12-01,2023,Q4,12,OPS_CN,26.79,21.54,11.82,60.15
2024-01-01,2024,Q1,1,OPS_CN,23.49,18.78,10.76,53.03
2024-02-01,2024,Q1,2,OPS_CN,24.02,17.6,10.24,51.86
2024-03-01,2024,Q1,3,OPS_CN,25.33,18.85,11.19,55.37
2024-04-01,2024,Q2,4,OPS_CN,25.19,18.7,11.37,55.26
2024-05-01,2024,Q2,5,OPS_CN,24.48,19.52,10.57,54.57
2024-06-01,2024,Q2,6,OPS_CN,27.06,20.53,12.51,60.1
2024-07-01,2024,Q3,7,OPS_CN,26.1,19.59,11.45,57.14
2024-08-01,2024,Q3,8,OPS_CN,27.38,19.9,12.33,59.61
2024-09-01,2024,Q3,9,OPS_CN,28.35,21.04,12.18,61.57
2024-10-01,2024,Q4,10,OPS_CN,30.25,23.62,13.16,67.03
2024-11-01,2024,Q4,11,OPS_CN,32.34,25.1,14.4,71.84
2024-12-01,2024,Q4,12,OPS_CN,32.67,25.14,15.02,72.83
2025-01-01,2025,Q1,1,OPS_CN,24.41,18.06,10.13,52.6
2025-02-01,2025,Q1,2,OPS_CN,25.53,18.98,10.62,55.13
2025-03-01,2025,Q1,3,OPS_CN,26.53,21.23,11.94,59.7
2025-04-01,2025,Q2,4,OPS_CN,26.14,20.78,11.61,58.53
2025-05-01,2025,Q2,5,OPS_CN,27.63,20.95,12.1,60.68
2025-06-01,2025,Q2,6,OPS_CN,29.83,23.35,12.54,65.72
2025-07-01,2025,Q3,7,OPS_CN,28.2,20.94,11.43,60.57
2025-08-01,2025,Q3,8,OPS_CN,28.1,22.43,12.2,62.73
2025-09-01,2025,Q3,9,OPS_CN,30.93,22.9,12.7,66.53
2025-10-01,2025,Q4,10,OPS_CN,32.13,25.2,14.31,71.64
2025-11-01,2025,Q4,11,OPS_CN,33.6,26.81,14.26,74.67
2025-12-01,2025,Q4,12,OPS_CN,34.85,25.92,14.81,75.58
2026-01-01,2026,Q1,1,OPS_CN,25.15,18.95,10.79,54.89
2026-02-01,2026,Q1,2,OPS_CN,26.85,19.71,11.07,57.63
2026-03-01,2026,Q1,3,OPS_CN,27.53,20.82,13.22,61.57
2026-04-01,2026,Q2,4,OPS_CN,28.21,21.07,11.75,61.03
2026-05-01,2026,Q2,5,OPS_CN,29.03,22.28,13.36,64.67
2026-06-01,2026,Q2,6,OPS_CN,30.46,25.14,13.35,68.95
2026-07-01,2026,Q3,7,OPS_CN,29.79,21.82,13.58,65.19
2026-08-01,2026,Q3,8,OPS_CN,29.16,22.25,12.95,64.36
2026-09-01,2026,Q3,9,OPS_CN,31.16,24.3,13.63,69.09
2026-10-01,2026,Q4,10,OPS_CN,35.07,27.86,15.08,78.01
2026-11-01,2026,Q4,11,OPS_CN,35.56,26.45,16.24,78.25
2026-12-01,2026,Q4,12,OPS_CN,37.33,28.69,17.57,83.59
2023-01-01,2023,Q1,1,OPS_SC,18.19,14.41,8.56,41.16
2023-02-01,2023,Q1,2,OPS_SC,18.84,15.34,8.59,42.77
2023-03-01,2023,Q1,3,OPS_SC,19.62,16.06,8.63,44.31
2023-04-01,2023,Q2,4,OPS_SC,20.38,15.91,9.28,45.57
2023-05-01,2023,Q2,5,OPS_SC,20.02,15.81,8.7,44.53
2023-06-01,2023,Q2,6,OPS_SC,22.01,17.57,9.34,48.92
2023-07-01,2023,Q3,7,OPS_SC,20.76,16.51,9.45,46.72
2023-08-01,2023,Q3,8,OPS_SC,21.58,17.02,9.49,48.09
2023-09-01,2023,Q3,9,OPS_SC,23.99,18.91,11.04,53.94
2023-10-01,2023,Q4,10,OPS_SC,24.68,19.73,11.6,56.01
2023-11-01,2023,Q4,11,OPS_SC,25.39,20.29,12.05,57.73
2023-12-01,2023,Q4,12,OPS_SC,26.16,20.89,11.74,58.79
2024-01-01,2024,Q1,1,OPS_SC,22.31,17.5,9.39,49.2
2024-02-01,2024,Q1,2,OPS_SC,23.54,17.93,10.3,51.77
2024-03-01,2024,Q1,3,OPS_SC,24.19,18.6,10.43,53.22
2024-04-01,2024,Q2,4,OPS_SC,25.72,18.81,10.86,55.39
2024-05-01,2024,Q2,5,OPS_SC,24.87,19.2,11.15,55.22
2024-06-01,2024,Q2,6,OPS_SC,26.79,22.0,11.91,60.7
2024-07-01,2024,Q3,7,OPS_SC,26.1,20.5,11.12,57.72
2024-08-01,2024,Q3,8,OPS_SC,26.1,21.11,12.43,59.64
2024-09-01,2024,Q3,9,OPS_SC,29.13,23.5,12.9,65.53
2024-10-01,2024,Q4,10,OPS_SC,30.28,24.7,14.31,69.29
2024-11-01,2024,Q4,11,OPS_SC,31.36,24.8,14.67,70.83
2024-12-01,2024,Q4,12,OPS_SC,31.79,24.6,14.05,70.44
2025-01-01,2025,Q1,1,OPS_SC,25.34,18.57,10.75,54.66
2025-02-01,2025,Q1,2,OPS_SC,24.02,19.25,10.54,53.81
2025-03-01,2025,Q1,3,OPS_SC,26.33,20.16,12.4,58.89
2025-04-01,2025,Q2,4,OPS_SC,27.23,20.25,11.18,58.66
2025-05-01,2025,Q2,5,OPS_SC,27.66,21.82,12.1,61.58
2025-06-01,2025,Q2,6,OPS_SC,28.52,22.03,13.14,63.69
2025-07-01,2025,Q3,7,OPS_SC,27.25,21.29,12.6,61.14
2025-08-01,2025,Q3,8,OPS_SC,28.92,22.08,12.13,63.13
2025-09-01,2025,Q3,9,OPS_SC,29.5,23.07,13.4,65.97
2025-10-01,2025,Q4,10,OPS_SC,33.44,26.17,14.05,73.66
2025-11-01,2025,Q4,11,OPS_SC,34.27,27.28,15.27,76.82
2025-12-01,2025,Q4,12,OPS_SC,36.67,27.39,15.29,79.35
2026-01-01,2026,Q1,1,OPS_SC,25.48,19.74,11.49,56.71
2026-02-01,2026,Q1,2,OPS_SC,27.28,20.86,12.54,60.68
2026-03-01,2026,Q1,3,OPS_SC,29.43,23.24,12.4,65.07
2026-04-01,2026,Q2,4,OPS_SC,27.39,21.49,12.94,61.82
2026-05-01,2026,Q2,5,OPS_SC,29.75,22.6,13.96,66.31
2026-06-01,2026,Q2,6,OPS_SC,31.1,23.83,14.42,69.35
2026-07-01,2026,Q3,7,OPS_SC,28.82,23.66,12.58,65.06
2026-08-01,2026,Q3,8,OPS_SC,30.77,25.15,13.01,68.93
2026-09-01,2026,Q3,9,OPS_SC,31.32,25.09,14.99,71.4
2026-10-01,2026,Q4,10,OPS_SC,33.2,25.89,15.88,74.97
2026-11-01,2026,Q4,11,OPS_SC,34.39,28.44,16.47,79.3
2026-12-01,2026,Q4,12,OPS_SC,36.97,28.74,15.71,81.42
2023-01-01,2023,Q1,1,OPS_QA,11.67,8.99,4.71,25.37
2023-02-01,2023,Q1,2,OPS_QA,11.76,9.29,4.94,25.99
2023-03-01,2023,Q1,3,OPS_QA,12.71,9.94,5.83,28.48
2023-04-01,2023,Q2,4,OPS_QA,11.84,9.05,5.28,26.17
2023-05-01,2023,Q2,5,OPS_QA,12.52,9.31,5.88,27.71
2023-06-01,2023,Q2,6,OPS_QA,13.06,9.94,5.77,28.77
2023-07-01,2023,Q3,7,OPS_QA,13.17,9.74,6.01,28.92
2023-08-01,2023,Q3,8,OPS_QA,12.81,10.41,5.96,29.18
2023-09-01,2023,Q3,9,OPS_QA,13.73,11.21,6.32,31.26
2023-10-01,2023,Q4,10,OPS_QA,14.72,10.82,6.47,32.01
2023-11-01,2023,Q4,11,OPS_QA,15.49,11.54,6.97,34.0
2023-12-01,2023,Q4,12,OPS_QA,16.24,11.81,7.11,35.16
2024-01-01,2024,Q1,1,OPS_QA,14.19,10.93,5.76,30.88
2024-02-01,2024,Q1,2,OPS_QA,14.55,11.36,6.65,32.56
2024-03-01,2024,Q1,3,OPS_QA,15.45,12.3,6.33,34.08
2024-04-01,2024,Q2,4,OPS_QA,15.14,11.33,6.7,33.17
2024-05-01,2024,Q2,5,OPS_QA,15.51,11.41,6.37,33.29
2024-06-01,2024,Q2,6,OPS_QA,15.96,13.13,6.92,36.01
2024-07-01,2024,Q3,7,OPS_QA,15.25,11.9,6.76,33.91
2024-08-01,2024,Q3,8,OPS_QA,16.13,12.98,6.72,35.83
2024-09-01,2024,Q3,9,OPS_QA,16.41,12.87,8.0,37.28
2024-10-01,2024,Q4,10,OPS_QA,18.02,13.33,8.38,39.73
2024-11-01,2024,Q4,11,OPS_QA,18.87,14.49,8.41,41.77
2024-12-01,2024,Q4,12,OPS_QA,18.94,15.86,9.13,43.93
2025-01-01,2025,Q1,1,OPS_QA,14.67,11.04,6.61,32.32
2025-02-01,2025,Q1,2,OPS_QA,15.29,11.4,6.97,33.66
2025-03-01,2025,Q1,3,OPS_QA,16.2,12.12,6.87,35.19
2025-04-01,2025,Q2,4,OPS_QA,15.52,12.49,7.3,35.31
2025-05-01,2025,Q2,5,OPS_QA,16.14,12.85,6.89,35.88
2025-06-01,2025,Q2,6,OPS_QA,17.63,13.84,7.28,38.75
2025-07-01,2025,Q3,7,OPS_QA,16.24,12.7,7.48,36.42
2025-08-01,2025,Q3,8,OPS_QA,17.67,13.87,7.97,39.51
2025-09-01,2025,Q3,9,OPS_QA,17.92,13.78,8.01,39.71
2025-10-01,2025,Q4,10,OPS_QA,19.01,15.48,8.41,42.9
2025-11-01,2025,Q4,11,OPS_QA,19.53,14.87,9.49,43.89
2025-12-01,2025,Q4,12,OPS_QA,20.77,16.09,9.63,46.49
2026-01-01,2026,Q1,1,OPS_QA,16.14,11.86,7.42,35.42
2026-02-01,2026,Q1,2,OPS_QA,15.92,12.42,6.69,35.03
2026-03-01,2026,Q1,3,OPS_QA,16.55,13.67,7.72,37.94
2026-04-01,2026,Q2,4,OPS_QA,17.03,12.9,7.63,37.56
2026-05-01,2026,Q2,5,OPS_QA,17.44,14.26,8.17,39.87
2026-06-01,2026,Q2,6,OPS_QA,18.39,14.07,8.48,40.94
2026-07-01,2026,Q3,7,OPS_QA,16.96,13.1,8.22,38.28
2026-08-01,2026,Q3,8,OPS_QA,17.86,14.4,7.68,39.94
2026-09-01,2026,Q3,9,OPS_QA,19.53,15.41,8.46,43.4
2026-10-01,2026,Q4,10,OPS_QA,20.28,16.05,8.68,45.01
2026-11-01,2026,Q4,11,OPS_QA,21.84,16.24,10.07,48.15
2026-12-01,2026,Q4,12,OPS_QA,23.25,17.82,10.43,51.5
2023-01-01,2023,Q1,1,FIN_FPA,19.42,5.68,4.62,29.72
2023-02-01,2023,Q1,2,FIN_FPA,19.91,6.01,4.7,30.62
2023-03-01,2023,Q1,3,FIN_FPA,20.35,6.53,4.84,31.72
2023-04-01,2023,Q2,4,FIN_FPA,20.0,6.35,4.67,31.02
2023-05-01,2023,Q2,5,FIN_FPA,21.07,6.46,4.97,32.5
2023-06-01,2023,Q2,6,FIN_FPA,22.14,7.13,5.49,34.76
2023-07-01,2023,Q3,7,FIN_FPA,21.65,6.65,4.79,33.09
2023-08-01,2023,Q3,8,FIN_FPA,21.7,6.99,4.96,33.65
2023-09-01,2023,Q3,9,FIN_FPA,23.36,7.16,5.09,35.61
2023-10-01,2023,Q4,10,FIN_FPA,25.75,7.92,5.62,39.29
2023-11-01,2023,Q4,11,FIN_FPA,25.8,7.77,5.73,39.3
2023-12-01,2023,Q4,12,FIN_FPA,26.61,8.6,6.56,41.77
2024-01-01,2024,Q1,1,FIN_FPA,22.43,6.92,4.87,34.22
2024-02-01,2024,Q1,2,FIN_FPA,24.22,6.97,5.62,36.81
2024-03-01,2024,Q1,3,FIN_FPA,25.43,7.56,5.69,38.68
2024-04-01,2024,Q2,4,FIN_FPA,25.53,7.72,5.62,38.87
2024-05-01,2024,Q2,5,FIN_FPA,26.36,7.72,5.78,39.86
2024-06-01,2024,Q2,6,FIN_FPA,27.29,8.47,6.09,41.85
2024-07-01,2024,Q3,7,FIN_FPA,25.31,8.12,6.14,39.57
2024-08-01,2024,Q3,8,FIN_FPA,26.3,8.48,5.86,40.64
2024-09-01,2024,Q3,9,FIN_FPA,28.58,9.29,6.74,44.61
2024-10-01,2024,Q4,10,FIN_FPA,30.33,9.13,7.33,46.79
2024-11-01,2024,Q4,11,FIN_FPA,31.25,9.7,7.4,48.35
2024-12-01,2024,Q4,12,FIN_FPA,33.62,10.47,7.83,51.92
2025-01-01,2025,Q1,1,FIN_FPA,24.61,7.83,5.64,38.08
2025-02-01,2025,Q1,2,FIN_FPA,24.99,7.74,5.66,38.39
2025-03-01,2025,Q1,3,FIN_FPA,27.45,8.64,6.59,42.68
2025-04-01,2025,Q2,4,FIN_FPA,27.12,8.58,6.36,42.06
2025-05-01,2025,Q2,5,FIN_FPA,26.9,8.05,5.92,40.87
2025-06-01,2025,Q2,6,FIN_FPA,29.95,8.91,6.5,45.36
2025-07-01,2025,Q3,7,FIN_FPA,29.02,8.84,6.78,44.64
2025-08-01,2025,Q3,8,FIN_FPA,28.64,8.46,6.21,43.31
2025-09-01,2025,Q3,9,FIN_FPA,29.93,9.11,6.67,45.71
2025-10-01,2025,Q4,10,FIN_FPA,33.33,10.32,7.52,51.17
2025-11-01,2025,Q4,11,FIN_FPA,32.57,10.59,7.64,50.8
2025-12-01,2025,Q4,12,FIN_FPA,36.03,11.58,8.31,55.92
2026-01-01,2026,Q1,1,FIN_FPA,26.97,7.78,6.35,41.1
2026-02-01,2026,Q1,2,FIN_FPA,26.23,8.0,6.26,40.49
2026-03-01,2026,Q1,3,FIN_FPA,27.7,9.08,6.15,42.93
2026-04-01,2026,Q2,4,FIN_FPA,28.43,8.67,6.78,43.88
2026-05-01,2026,Q2,5,FIN_FPA,29.23,8.59,6.98,44.8
2026-06-01,2026,Q2,6,FIN_FPA,31.83,9.58,7.26,48.67
2026-07-01,2026,Q3,7,FIN_FPA,30.73,9.15,6.52,46.4
2026-08-01,2026,Q3,8,FIN_FPA,30.8,9.54,6.69,47.03
2026-09-01,2026,Q3,9,FIN_FPA,32.74,9.68,7.16,49.58
2026-10-01,2026,Q4,10,FIN_FPA,34.96,10.73,8.22,53.91
2026-11-01,2026,Q4,11,FIN_FPA,34.98,10.81,7.84,53.63
2026-12-01,2026,Q4,12,FIN_FPA,37.54,11.69,8.48,57.71
2023-01-01,2023,Q1,1,FIN_TREAS,13.29,4.02,3.01,20.32
2023-02-01,2023,Q1,2,FIN_TREAS,13.94,4.53,3.46,21.93
2023-03-01,2023,Q1,3,FIN_TREAS,15.14,4.5,3.33,22.97
2023-04-01,2023,Q2,4,FIN_TREAS,14.36,4.72,3.46,22.54
2023-05-01,2023,Q2,5,FIN_TREAS,15.29,4.94,3.59,23.82
2023-06-01,2023,Q2,6,FIN_TREAS,16.38,4.84,3.83,25.05
2023-07-01,2023,Q3,7,FIN_TREAS,15.66,4.61,3.51,23.78
2023-08-01,2023,Q3,8,FIN_TREAS,15.55,5.05,3.84,24.44
2023-09-01,2023,Q3,9,FIN_TREAS,16.38,5.13,3.93,25.44
2023-10-01,2023,Q4,10,FIN_TREAS,17.83,5.47,3.87,27.17
2023-11-01,2023,Q4,11,FIN_TREAS,18.09,5.62,4.24,27.95
2023-12-01,2023,Q4,12,FIN_TREAS,19.45,5.93,4.73,30.11
2024-01-01,2024,Q1,1,FIN_TREAS,16.42,5.27,3.67,25.36
2024-02-01,2024,Q1,2,FIN_TREAS,17.08,5.02,3.85,25.95
2024-03-01,2024,Q1,3,FIN_TREAS,18.48,5.56,3.98,28.02
2024-04-01,2024,Q2,4,FIN_TREAS,18.31,5.75,4.12,28.18
2024-05-01,2024,Q2,5,FIN_TREAS,18.52,5.76,4.5,28.78
2024-06-01,2024,Q2,6,FIN_TREAS,19.49,5.98,4.31,29.78
2024-07-01,2024,Q3,7,FIN_TREAS,18.3,5.67,4.16,28.13
2024-08-01,2024,Q3,8,FIN_TREAS,19.6,5.67,4.48,29.75
2024-09-01,2024,Q3,9,FIN_TREAS,20.23,6.4,4.42,31.05
2024-10-01,2024,Q4,10,FIN_TREAS,21.59,6.46,4.66,32.71
2024-11-01,2024,Q4,11,FIN_TREAS,22.22,7.16,5.22,34.6
2024-12-01,2024,Q4,12,FIN_TREAS,24.33,7.59,5.52,37.44
2025-01-01,2025,Q1,1,FIN_TREAS,17.39,5.35,3.96,26.7
2025-02-01,2025,Q1,2,FIN_TREAS,17.64,5.41,4.06,27.11
2025-03-01,2025,Q1,3,FIN_TREAS,18.8,5.77,4.48,29.05
2025-04-01,2025,Q2,4,FIN_TREAS,19.12,6.16,4.32,29.6
2025-05-01,2025,Q2,5,FIN_TREAS,19.66,6.37,4.4,30.43
2025-06-01,2025,Q2,6,FIN_TREAS,21.57,6.33,5.17,33.07
2025-07-01,2025,Q3,7,FIN_TREAS,19.65,6.13,4.41,30.19
2025-08-01,2025,Q3,8,FIN_TREAS,20.42,6.42,4.42,31.26
2025-09-01,2025,Q3,9,FIN_TREAS,21.75,6.77,5.16,33.68
2025-10-01,2025,Q4,10,FIN_TREAS,23.56,7.39,5.67,36.62
2025-11-01,2025,Q4,11,FIN_TREAS,23.84,7.62,5.79,37.25
2025-12-01,2025,Q4,12,FIN_TREAS,25.06,8.17,6.36,39.59
2026-01-01,2026,Q1,1,FIN_TREAS,19.22,5.53,4.19,28.94
2026-02-01,2026,Q1,2,FIN_TREAS,19.99,5.86,4.69,30.54
2026-03-01,2026,Q1,3,FIN_TREAS,20.2,6.21,4.99,31.4
2026-04-01,2026,Q2,4,FIN_TREAS,20.83,6.57,4.49,31.89
2026-05-01,2026,Q2,5,FIN_TREAS,21.21,6.48,4.66,32.35
2026-06-01,2026,Q2,6,FIN_TREAS,22.36,6.7,5.38,34.44
2026-07-01,2026,Q3,7,FIN_TREAS,21.9,6.82,5.17,33.89
2026-08-01,2026,Q3,8,FIN_TREAS,21.18,6.39,5.32,32.89
2026-09-01,2026,Q3,9,FIN_TREAS,23.67,7.04,5.14,35.85
2026-10-01,2026,Q4,10,FIN_TREAS,23.68,7.37,5.97,37.02
2026-11-01,2026,Q4,11,FIN_TREAS,25.11,8.16,5.67,38.94
2026-12-01,2026,Q4,12,FIN_TREAS,26.45,8.07,6.18,40.7
2023-01-01,2023,Q1,1,FIN_ACCT,13.07,4.23,2.86,20.16
2023-02-01,2023,Q1,2,FIN_ACCT,13.8,4.25,3.03,21.08
2023-03-01,2023,Q1,3,FIN_ACCT,15.21,4.41,3.29,22.91
2023-04-01,2023,Q2,4,FIN_ACCT,14.7,4.62,3.53,22.85
2023-05-01,2023,Q2,5,FIN_ACCT,14.81,4.43,3.37,22.61
2023-06-01,2023,Q2,6,FIN_ACCT,16.74,5.17,3.53,25.44
2023-07-01,2023,Q3,7,FIN_ACCT,15.03,4.59,3.68,23.3
2023-08-01,2023,Q3,8,FIN_ACCT,16.28,5.07,3.84,25.19
2023-09-01,2023,Q3,9,FIN_ACCT,16.9,4.83,3.78,25.51
2023-10-01,2023,Q4,10,FIN_ACCT,17.36,5.27,4.26,26.89
2023-11-01,2023,Q4,11,FIN_ACCT,18.14,5.87,3.98,27.99
2023-12-01,2023,Q4,12,FIN_ACCT,19.96,6.16,4.78,30.9
2024-01-01,2024,Q1,1,FIN_ACCT,16.41,5.2,3.99,25.6
2024-02-01,2024,Q1,2,FIN_ACCT,16.79,5.23,4.0,26.02
2024-03-01,2024,Q1,3,FIN_ACCT,18.03,5.77,3.95,27.75
2024-04-01,2024,Q2,4,FIN_ACCT,18.36,5.66,4.1,28.12
2024-05-01,2024,Q2,5,FIN_ACCT,18.65,5.37,4.01,28.03
2024-06-01,2024,Q2,6,FIN_ACCT,20.1,6.33,4.67,31.1
2024-07-01,2024,Q3,7,FIN_ACCT,19.04,5.73,4.5,29.27
2024-08-01,2024,Q3,8,FIN_ACCT,19.2,5.84,4.49,29.53
2024-09-01,2024,Q3,9,FIN_ACCT,20.62,6.53,4.68,31.83
2024-10-01,2024,Q4,10,FIN_ACCT,21.67,6.59,5.15,33.41
2024-11-01,2024,Q4,11,FIN_ACCT,21.48,6.57,4.82,32.87
2024-12-01,2024,Q4,12,FIN_ACCT,23.43,7.06,5.57,36.06
2025-01-01,2025,Q1,1,FIN_ACCT,18.29,5.5,4.24,28.03
2025-02-01,2025,Q1,2,FIN_ACCT,18.11,5.71,4.16,27.98
2025-03-01,2025,Q1,3,FIN_ACCT,19.2,6.01,4.54,29.75
2025-04-01,2025,Q2,4,FIN_ACCT,19.25,5.92,4.57,29.74
2025-05-01,2025,Q2,5,FIN_ACCT,20.09,6.34,4.32,30.75
2025-06-01,2025,Q2,6,FIN_ACCT,20.72,6.32,5.18,32.22
2025-07-01,2025,Q3,7,FIN_ACCT,20.7,6.36,4.49,31.55
2025-08-01,2025,Q3,8,FIN_ACCT,20.29,6.02,4.35,30.66
2025-09-01,2025,Q3,9,FIN_ACCT,22.68,6.59,4.85,34.12
2025-10-01,2025,Q4,10,FIN_ACCT,23.14,7.39,5.59,36.12
2025-11-01,2025,Q4,11,FIN_ACCT,23.14,7.5,5.33,35.97
2025-12-01,2025,Q4,12,FIN_ACCT,26.4,8.23,6.13,40.76
2026-01-01,2026,Q1,1,FIN_ACCT,18.11,5.5,3.94,27.55
2026-02-01,2026,Q1,2,FIN_ACCT,18.9,6.15,4.52,29.57
2026-03-01,2026,Q1,3,FIN_ACCT,20.02,6.21,4.56,30.79
2026-04-01,2026,Q2,4,FIN_ACCT,20.89,6.63,4.58,32.1
2026-05-01,2026,Q2,5,FIN_ACCT,21.06,6.41,4.89,32.36
2026-06-01,2026,Q2,6,FIN_ACCT,22.76,6.77,5.23,34.76
2026-07-01,2026,Q3,7,FIN_ACCT,21.18,6.93,5.04,33.15
2026-08-01,2026,Q3,8,FIN_ACCT,21.22,6.43,4.73,32.38
2026-09-01,2026,Q3,9,FIN_ACCT,23.79,7.12,5.58,36.49
2026-10-01,2026,Q4,10,FIN_ACCT,24.13,7.47,5.41,37.01
2026-11-01,2026,Q4,11,FIN_ACCT,25.26,8.11,5.74,39.11
2026-12-01,2026,Q4,12,FIN_ACCT,26.33,8.57,5.91,40.81
2023-01-01,2023,Q1,1,FIN_AUDIT,8.25,2.55,1.85,12.65
2023-02-01,2023,Q1,2,FIN_AUDIT,8.31,2.56,1.99,12.86
2023-03-01,2023,Q1,3,FIN_AUDIT,8.8,2.74,2.17,13.71
2023-04-01,2023,Q2,4,FIN_AUDIT,8.8,2.72,2.13,13.65
2023-05-01,2023,Q2,5,FIN_AUDIT,8.76,2.74,2.03,13.53
2023-06-01,2023,Q2,6,FIN_AUDIT,9.33,2.92,2.23,14.48
2023-07-01,2023,Q3,7,FIN_AUDIT,9.36,2.75,2.06,14.17
2023-08-01,2023,Q3,8,FIN_AUDIT,9.41,3.01,2.3,14.72
2023-09-01,2023,Q3,9,FIN_AUDIT,9.86,3.05,2.35,15.26
2023-10-01,2023,Q4,10,FIN_AUDIT,10.75,3.3,2.31,16.36
2023-11-01,2023,Q4,11,FIN_AUDIT,11.03,3.19,2.62,16.84
2023-12-01,2023,Q4,12,FIN_AUDIT,11.27,3.67,2.77,17.71
2024-01-01,2024,Q1,1,FIN_AUDIT,9.99,2.91,2.21,15.11
2024-02-01,2024,Q1,2,FIN_AUDIT,10.14,2.97,2.27,15.38
2024-03-01,2024,Q1,3,FIN_AUDIT,10.75,3.23,2.63,16.61
2024-04-01,2024,Q2,4,FIN_AUDIT,10.62,3.47,2.41,16.5
2024-05-01,2024,Q2,5,FIN_AUDIT,11.5,3.59,2.59,17.68
2024-06-01,2024,Q2,6,FIN_AUDIT,11.91,3.63,2.85,18.39
2024-07-01,2024,Q3,7,FIN_AUDIT,11.42,3.6,2.8,17.82
2024-08-01,2024,Q3,8,FIN_AUDIT,11.7,3.49,2.82,18.01
2024-09-01,2024,Q3,9,FIN_AUDIT,12.49,3.89,2.69,19.07
2024-10-01,2024,Q4,10,FIN_AUDIT,13.23,3.94,2.98,20.15
2024-11-01,2024,Q4,11,FIN_AUDIT,13.07,4.15,3.17,20.39
2024-12-01,2024,Q4,12,FIN_AUDIT,13.91,4.15,3.03,21.09
2025-01-01,2025,Q1,1,FIN_AUDIT,10.63,3.32,2.26,16.21
2025-02-01,2025,Q1,2,FIN_AUDIT,11.02,3.3,2.6,16.92
2025-03-01,2025,Q1,3,FIN_AUDIT,11.27,3.52,2.79,17.58
2025-04-01,2025,Q2,4,FIN_AUDIT,11.25,3.57,2.48,17.3
2025-05-01,2025,Q2,5,FIN_AUDIT,11.67,3.74,2.6,18.01
2025-06-01,2025,Q2,6,FIN_AUDIT,12.63,3.7,3.06,19.39
2025-07-01,2025,Q3,7,FIN_AUDIT,12.07,3.55,2.87,18.49
2025-08-01,2025,Q3,8,FIN_AUDIT,11.92,3.56,2.61,18.09
2025-09-01,2025,Q3,9,FIN_AUDIT,13.57,4.17,3.07,20.81
2025-10-01,2025,Q4,10,FIN_AUDIT,13.88,4.31,3.43,21.62
2025-11-01,2025,Q4,11,FIN_AUDIT,14.14,4.54,3.28,21.96
2025-12-01,2025,Q4,12,FIN_AUDIT,14.95,4.57,3.53,23.05
2026-01-01,2026,Q1,1,FIN_AUDIT,11.11,3.39,2.67,17.17
2026-02-01,2026,Q1,2,FIN_AUDIT,11.83,3.74,2.82,18.39
2026-03-01,2026,Q1,3,FIN_AUDIT,12.23,3.86,3.03,19.12
2026-04-01,2026,Q2,4,FIN_AUDIT,12.53,3.77,2.98,19.28
2026-05-01,2026,Q2,5,FIN_AUDIT,12.56,3.97,2.75,19.28
2026-06-01,2026,Q2,6,FIN_AUDIT,13.58,4.06,3.18,20.82
2026-07-01,2026,Q3,7,FIN_AUDIT,12.89,4.02,3.13,20.04
2026-08-01,2026,Q3,8,FIN_AUDIT,13.31,4.15,3.09,20.55
2026-09-01,2026,Q3,9,FIN_AUDIT,14.31,4.19,3.23,21.73
2026-10-01,2026,Q4,10,FIN_AUDIT,14.7,4.62,3.67,22.99
2026-11-01,2026,Q4,11,FIN_AUDIT,14.61,4.82,3.3,22.73
2026-12-01,2026,Q4,12,FIN_AUDIT,16.28,5.1,3.56,24.94
2023-01-01,2023,Q1,1,EN_HR,17.41,5.88,6.09,29.38
2023-02-01,2023,Q1,2,EN_HR,17.49,6.27,5.99,29.75
2023-03-01,2023,Q1,3,EN_HR,18.59,6.33,6.17,31.09
2023-04-01,2023,Q2,4,EN_HR,19.14,6.25,6.4,31.79
2023-05-01,2023,Q2,5,EN_HR,18.99,6.78,6.56,32.33
2023-06-01,2023,Q2,6,EN_HR,20.63,7.15,6.82,34.6
2023-07-01,2023,Q3,7,EN_HR,19.96,6.63,6.52,33.11
2023-08-01,2023,Q3,8,EN_HR,20.05,6.65,6.67,33.37
2023-09-01,2023,Q3,9,EN_HR,21.82,6.99,7.75,36.56
2023-10-01,2023,Q4,10,EN_HR,23.02,7.98,7.86,38.86
2023-11-01,2023,Q4,11,EN_HR,23.28,7.58,7.91,38.77
2023-12-01,2023,Q4,12,EN_HR,24.56,8.49,8.92,41.97
2024-01-01,2024,Q1,1,EN_HR,21.18,7.27,7.28,35.73
2024-02-01,2024,Q1,2,EN_HR,22.16,6.97,7.04,36.17
2024-03-01,2024,Q1,3,EN_HR,23.33,7.86,7.87,39.06
2024-04-01,2024,Q2,4,EN_HR,22.42,7.66,7.48,37.56
2024-05-01,2024,Q2,5,EN_HR,23.85,8.42,7.58,39.85
2024-06-01,2024,Q2,6,EN_HR,24.95,8.41,8.75,42.11
2024-07-01,2024,Q3,7,EN_HR,23.95,8.1,8.58,40.63
2024-08-01,2024,Q3,8,EN_HR,23.97,8.16,8.34,40.47
2024-09-01,2024,Q3,9,EN_HR,26.82,9.01,9.02,44.85
2024-10-01,2024,Q4,10,EN_HR,28.31,9.2,9.62,47.13
2024-11-01,2024,Q4,11,EN_HR,28.05,9.35,9.65,47.05
2024-12-01,2024,Q4,12,EN_HR,30.61,10.06,9.56,50.23
2025-01-01,2025,Q1,1,EN_HR,23.14,7.27,7.45,37.86
2025-02-01,2025,Q1,2,EN_HR,24.09,7.93,7.64,39.66
2025-03-01,2025,Q1,3,EN_HR,24.86,8.62,7.99,41.47
2025-04-01,2025,Q2,4,EN_HR,25.33,8.63,8.81,42.77
2025-05-01,2025,Q2,5,EN_HR,24.89,8.11,8.78,41.78
2025-06-01,2025,Q2,6,EN_HR,27.84,8.72,8.56,45.12
2025-07-01,2025,Q3,7,EN_HR,25.52,8.44,8.28,42.24
2025-08-01,2025,Q3,8,EN_HR,26.73,8.47,9.28,44.48
2025-09-01,2025,Q3,9,EN_HR,28.17,9.61,9.24,47.02
2025-10-01,2025,Q4,10,EN_HR,29.78,10.18,9.22,49.18
2025-11-01,2025,Q4,11,EN_HR,31.44,10.32,9.8,51.56
2025-12-01,2025,Q4,12,EN_HR,33.17,10.45,10.92,54.54
2026-01-01,2026,Q1,1,EN_HR,24.96,8.33,8.57,41.86
2026-02-01,2026,Q1,2,EN_HR,24.25,8.07,8.52,40.84
2026-03-01,2026,Q1,3,EN_HR,26.46,8.93,8.59,43.98
2026-04-01,2026,Q2,4,EN_HR,26.56,9.13,8.92,44.61
2026-05-01,2026,Q2,5,EN_HR,27.35,8.6,9.63,45.58
2026-06-01,2026,Q2,6,EN_HR,28.92,9.52,9.8,48.24
2026-07-01,2026,Q3,7,EN_HR,28.13,8.94,9.15,46.22
2026-08-01,2026,Q3,8,EN_HR,27.9,9.6,9.91,47.41
2026-09-01,2026,Q3,9,EN_HR,29.69,10.01,9.94,49.64
2026-10-01,2026,Q4,10,EN_HR,32.38,11.04,10.08,53.5
2026-11-01,2026,Q4,11,EN_HR,31.71,10.79,10.69,53.19
2026-12-01,2026,Q4,12,EN_HR,34.59,10.9,10.81,56.3
2023-01-01,2023,Q1,1,EN_IT,20.69,7.14,6.88,34.71
2023-02-01,2023,Q1,2,EN_IT,21.39,7.17,6.83,35.39
2023-03-01,2023,Q1,3,EN_IT,22.26,7.16,7.13,36.55
2023-04-01,2023,Q2,4,EN_IT,22.16,6.99,7.68,36.83
2023-05-01,2023,Q2,5,EN_IT,22.72,7.48,7.5,37.7
2023-06-01,2023,Q2,6,EN_IT,24.33,8.14,7.83,40.3
2023-07-01,2023,Q3,7,EN_IT,23.47,7.38,7.74,38.59
2023-08-01,2023,Q3,8,EN_IT,23.97,7.84,8.22,40.03
2023-09-01,2023,Q3,9,EN_IT,25.08,8.23,7.73,41.04
2023-10-01,2023,Q4,10,EN_IT,26.84,8.93,8.81,44.58
2023-11-01,2023,Q4,11,EN_IT,27.14,9.19,8.8,45.13
2023-12-01,2023,Q4,12,EN_IT,29.4,9.84,9.51,48.75
2024-01-01,2024,Q1,1,EN_IT,25.02,7.78,8.42,41.22
2024-02-01,2024,Q1,2,EN_IT,25.78,8.78,9.19,43.75
2024-03-01,2024,Q1,3,EN_IT,27.57,8.57,9.23,45.37
2024-04-01,2024,Q2,4,EN_IT,26.75,9.31,9.11,45.17
2024-05-01,2024,Q2,5,EN_IT,27.61,9.1,8.69,45.4
2024-06-01,2024,Q2,6,EN_IT,30.51,10.04,10.07,50.62
2024-07-01,2024,Q3,7,EN_IT,28.31,9.44,9.34,47.09
2024-08-01,2024,Q3,8,EN_IT,29.16,9.67,9.18,48.01
2024-09-01,2024,Q3,9,EN_IT,31.31,10.18,10.65,52.14
2024-10-01,2024,Q4,10,EN_IT,32.07,11.02,10.51,53.6
2024-11-01,2024,Q4,11,EN_IT,33.12,11.63,10.84,55.59
2024-12-01,2024,Q4,12,EN_IT,36.0,11.59,11.36,58.95
2025-01-01,2025,Q1,1,EN_IT,25.76,8.72,8.81,43.29
2025-02-01,2025,Q1,2,EN_IT,27.22,9.15,8.46,44.83
2025-03-01,2025,Q1,3,EN_IT,29.89,9.76,9.6,49.25
2025-04-01,2025,Q2,4,EN_IT,28.04,9.75,9.55,47.34
2025-05-01,2025,Q2,5,EN_IT,29.04,9.65,10.41,49.1
2025-06-01,2025,Q2,6,EN_IT,30.54,10.19,10.35,51.08
2025-07-01,2025,Q3,7,EN_IT,30.1,9.74,9.49,49.33
2025-08-01,2025,Q3,8,EN_IT,30.29,9.84,10.68,50.81
2025-09-01,2025,Q3,9,EN_IT,33.26,10.68,11.19,55.13
2025-10-01,2025,Q4,10,EN_IT,36.18,12.33,11.64,60.15
2025-11-01,2025,Q4,11,EN_IT,35.21,12.04,12.13,59.38
2025-12-01,2025,Q4,12,EN_IT,37.24,13.18,11.89,62.31
2026-01-01,2026,Q1,1,EN_IT,28.76,9.9,9.8,48.46
2026-02-01,2026,Q1,2,EN_IT,28.97,9.96,9.68,48.61
2026-03-01,2026,Q1,3,EN_IT,30.02,10.32,9.69,50.03
2026-04-01,2026,Q2,4,EN_IT,29.97,10.01,9.74,49.72
2026-05-01,2026,Q2,5,EN_IT,32.79,10.69,11.05,54.53
2026-06-01,2026,Q2,6,EN_IT,33.38,11.03,10.64,55.05
2026-07-01,2026,Q3,7,EN_IT,32.34,10.68,9.94,52.96
2026-08-01,2026,Q3,8,EN_IT,32.04,10.49,10.65,53.18
2026-09-01,2026,Q3,9,EN_IT,34.72,11.6,12.14,58.46
2026-10-01,2026,Q4,10,EN_IT,37.31,12.26,13.16,62.73
2026-11-01,2026,Q4,11,EN_IT,37.61,12.79,12.79,63.19
2026-12-01,2026,Q4,12,EN_IT,41.0,13.69,12.7,67.39
2023-01-01,2023,Q1,1,EN_LEGAL,14.53,5.03,4.61,24.17
2023-02-01,2023,Q1,2,EN_LEGAL,14.79,4.88,5.3,24.97
2023-03-01,2023,Q1,3,EN_LEGAL,16.1,5.17,5.46,26.73
2023-04-01,2023,Q2,4,EN_LEGAL,16.23,5.37,5.45,27.05
2023-05-01,2023,Q2,5,EN_LEGAL,16.4,5.41,5.49,27.3
2023-06-01,2023,Q2,6,EN_LEGAL,17.49,5.89,6.01,29.39
2023-07-01,2023,Q3,7,EN_LEGAL,16.57,5.7,5.46,27.73
2023-08-01,2023,Q3,8,EN_LEGAL,17.14,5.96,5.9,29.0
2023-09-01,2023,Q3,9,EN_LEGAL,18.13,5.66,5.63,29.42
2023-10-01,2023,Q4,10,EN_LEGAL,19.19,6.47,6.63,32.29
2023-11-01,2023,Q4,11,EN_LEGAL,19.86,6.84,6.89,33.59
2023-12-01,2023,Q4,12,EN_LEGAL,21.24,7.16,6.74,35.14
2024-01-01,2024,Q1,1,EN_LEGAL,18.08,6.1,5.68,29.86
2024-02-01,2024,Q1,2,EN_LEGAL,18.39,6.36,6.15,30.9
2024-03-01,2024,Q1,3,EN_LEGAL,19.59,6.59,6.19,32.37
2024-04-01,2024,Q2,4,EN_LEGAL,19.58,6.53,6.18,32.29
2024-05-01,2024,Q2,5,EN_LEGAL,19.63,6.71,6.86,33.2
2024-06-01,2024,Q2,6,EN_LEGAL,20.27,6.63,6.67,33.57
2024-07-01,2024,Q3,7,EN_LEGAL,20.61,6.67,6.71,33.99
2024-08-01,2024,Q3,8,EN_LEGAL,20.57,7.24,7.03,34.84
2024-09-01,2024,Q3,9,EN_LEGAL,22.38,6.94,7.59,36.91
2024-10-01,2024,Q4,10,EN_LEGAL,24.04,8.23,8.32,40.59
2024-11-01,2024,Q4,11,EN_LEGAL,24.64,8.46,8.56,41.66
2024-12-01,2024,Q4,12,EN_LEGAL,25.81,8.7,8.48,42.99
2025-01-01,2025,Q1,1,EN_LEGAL,18.61,6.37,6.45,31.43
2025-02-01,2025,Q1,2,EN_LEGAL,20.0,6.4,6.76,33.16
2025-03-01,2025,Q1,3,EN_LEGAL,20.44,7.19,6.64,34.27
2025-04-01,2025,Q2,4,EN_LEGAL,20.39,6.96,6.43,33.78
2025-05-01,2025,Q2,5,EN_LEGAL,21.63,7.04,7.36,36.03
2025-06-01,2025,Q2,6,EN_LEGAL,23.51,7.47,7.77,38.75
2025-07-01,2025,Q3,7,EN_LEGAL,20.92,6.78,7.27,34.97
2025-08-01,2025,Q3,8,EN_LEGAL,21.85,7.16,7.52,36.53
2025-09-01,2025,Q3,9,EN_LEGAL,23.8,8.01,8.17,39.98
2025-10-01,2025,Q4,10,EN_LEGAL,25.27,7.94,8.12,41.33
2025-11-01,2025,Q4,11,EN_LEGAL,26.57,8.49,8.92,43.98
2025-12-01,2025,Q4,12,EN_LEGAL,27.07,8.79,8.98,44.84
2026-01-01,2026,Q1,1,EN_LEGAL,19.95,6.83,6.95,33.73
2026-02-01,2026,Q1,2,EN_LEGAL,21.13,7.02,7.46,35.61
2026-03-01,2026,Q1,3,EN_LEGAL,22.62,7.58,7.26,37.46
2026-04-01,2026,Q2,4,EN_LEGAL,21.65,7.61,7.23,36.49
2026-05-01,2026,Q2,5,EN_LEGAL,22.19,7.62,7.89,37.7
2026-06-01,2026,Q2,6,EN_LEGAL,24.86,7.92,8.12,40.9
2026-07-01,2026,Q3,7,EN_LEGAL,22.04,7.37,7.88,37.29
2026-08-01,2026,Q3,8,EN_LEGAL,23.17,7.75,7.8,38.72
2026-09-01,2026,Q3,9,EN_LEGAL,25.27,7.95,7.91,41.13
2026-10-01,2026,Q4,10,EN_LEGAL,26.62,8.64,8.85,44.11
2026-11-01,2026,Q4,11,EN_LEGAL,27.34,9.46,9.19,45.99
2026-12-01,2026,Q4,12,EN_LEGAL,28.52,9.8,9.39,47.71
2023-01-01,2023,Q1,1,EN_COMMS,5.67,1.98,1.93,9.58
2023-02-01,2023,Q1,2,EN_COMMS,5.97,2.03,2.12,10.12
2023-03-01,2023,Q1,3,EN_COMMS,6.45,2.08,2.03,10.56
2023-04-01,2023,Q2,4,EN_COMMS,6.51,2.21,1.97,10.69
2023-05-01,2023,Q2,5,EN_COMMS,6.55,2.17,2.05,10.77
2023-06-01,2023,Q2,6,EN_COMMS,7.04,2.17,2.17,11.38
2023-07-01,2023,Q3,7,EN_COMMS,6.44,2.14,2.29,10.87
2023-08-01,2023,Q3,8,EN_COMMS,6.85,2.19,2.32,11.36
2023-09-01,2023,Q3,9,EN_COMMS,7.25,2.38,2.4,12.03
2023-10-01,2023,Q4,10,EN_COMMS,7.54,2.52,2.6,12.66
2023-11-01,2023,Q4,11,EN_COMMS,7.95,2.6,2.61,13.16
2023-12-01,2023,Q4,12,EN_COMMS,8.29,2.84,2.74,13.87
2024-01-01,2024,Q1,1,EN_COMMS,7.07,2.35,2.54,11.96
2024-02-01,2024,Q1,2,EN_COMMS,7.27,2.53,2.59,12.39
2024-03-01,2024,Q1,3,EN_COMMS,8.0,2.63,2.77,13.4
2024-04-01,2024,Q2,4,EN_COMMS,7.61,2.59,2.58,12.78
2024-05-01,2024,Q2,5,EN_COMMS,8.23,2.55,2.86,13.64
2024-06-01,2024,Q2,6,EN_COMMS,8.45,2.89,2.95,14.29
2024-07-01,2024,Q3,7,EN_COMMS,8.09,2.72,2.78,13.59
2024-08-01,2024,Q3,8,EN_COMMS,8.48,2.85,2.88,14.21
2024-09-01,2024,Q3,9,EN_COMMS,8.66,2.91,2.85,14.42
2024-10-01,2024,Q4,10,EN_COMMS,9.27,3.1,2.9,15.27
2024-11-01,2024,Q4,11,EN_COMMS,9.69,3.25,3.2,16.14
2024-12-01,2024,Q4,12,EN_COMMS,10.36,3.56,3.27,17.19
2025-01-01,2025,Q1,1,EN_COMMS,7.63,2.59,2.66,12.88
2025-02-01,2025,Q1,2,EN_COMMS,7.63,2.5,2.46,12.59
2025-03-01,2025,Q1,3,EN_COMMS,8.25,2.7,2.61,13.56
2025-04-01,2025,Q2,4,EN_COMMS,8.12,2.79,2.62,13.53
2025-05-01,2025,Q2,5,EN_COMMS,8.82,2.99,2.92,14.73
2025-06-01,2025,Q2,6,EN_COMMS,9.01,2.92,2.95,14.88
2025-07-01,2025,Q3,7,EN_COMMS,8.42,2.97,2.72,14.11
2025-08-01,2025,Q3,8,EN_COMMS,8.67,3.03,3.05,14.75
2025-09-01,2025,Q3,9,EN_COMMS,9.65,3.08,3.18,15.91
2025-10-01,2025,Q4,10,EN_COMMS,9.62,3.23,3.4,16.25
2025-11-01,2025,Q4,11,EN_COMMS,10.69,3.54,3.28,17.51
2025-12-01,2025,Q4,12,EN_COMMS,10.77,3.64,3.39,17.8
2026-01-01,2026,Q1,1,EN_COMMS,7.94,2.61,2.54,13.09
2026-02-01,2026,Q1,2,EN_COMMS,8.18,2.67,2.59,13.44
2026-03-01,2026,Q1,3,EN_COMMS,8.77,2.89,3.12,14.78
2026-04-01,2026,Q2,4,EN_COMMS,8.87,2.85,2.9,14.62
2026-05-01,2026,Q2,5,EN_COMMS,8.82,3.11,2.82,14.75
2026-06-01,2026,Q2,6,EN_COMMS,9.45,3.17,3.18,15.8
2026-07-01,2026,Q3,7,EN_COMMS,9.33,2.99,3.07,15.39
2026-08-01,2026,Q3,8,EN_COMMS,9.22,3.11,3.22,15.55
2026-09-01,2026,Q3,9,EN_COMMS,9.89,3.51,3.2,16.6
2026-10-01,2026,Q4,10,EN_COMMS,10.5,3.64,3.74,17.88
2026-11-01,2026,Q4,11,EN_COMMS,10.92,3.84,3.65,18.41
2026-12-01,2026,Q4,12,EN_COMMS,11.37,3.9,3.71,18.98
