period_date,year,quarter,month,brand_id,market_id,revenue,cost_of_sales,gross_profit
2023-01-01,2023,Q1,1,TAGRISSO,US,307.95,53.86,254.09
2023-02-01,2023,Q1,2,TAGRISSO,US,309.81,54.76,255.05
2023-03-01,2023,Q1,3,TAGRISSO,US,331.94,60.29,271.65
2023-04-01,2023,Q2,4,TAGRISSO,US,330.38,59.63,270.75
2023-05-01,2023,Q2,5,TAGRISSO,US,347.78,61.55,286.23
2023-06-01,2023,Q2,6,TAGRISSO,US,367.98,66.59,301.39
2023-07-01,2023,Q3,7,TAGRISSO,US,353.46,64.8,288.66
2023-08-01,2023,Q3,8,TAGRISSO,US,352.95,61.65,291.3
2023-09-01,2023,Q3,9,TAGRISSO,US,379.44,69.55,309.89
2023-10-01,2023,Q4,10,TAGRISSO,US,396.09,72.14,323.95
2023-11-01,2023,Q4,11,TAGRISSO,US,411.61,73.38,338.23
2023-12-01,2023,Q4,12,TAGRISSO,US,441.62,77.85,363.77
2023-01-01,2023,Q1,1,TAGRISSO,CN,103.95,19.08,84.87
2023-02-01,2023,Q1,2,TAGRISSO,CN,104.58,18.96,85.62
2023-03-01,2023,Q1,3,TAGRISSO,CN,109.83,20.2,89.63
2023-04-01,2023,Q2,4,TAGRISSO,CN,109.56,19.81,89.75
2023-05-01,2023,Q2,5,TAGRISSO,CN,116.44,21.22,95.22
2023-06-01,2023,Q2,6,TAGRISSO,CN,122.31,21.42,100.89
2023-07-01,2023,Q3,7,TAGRISSO,CN,117.43,20.79,96.64
2023-08-01,2023,Q3,8,TAGRISSO,CN,120.72,21.46,99.26
2023-09-01,2023,Q3,9,TAGRISSO,CN,127.06,22.29,104.77
2023-10-01,2023,Q4,10,TAGRISSO,CN,137.11,24.28,112.83
2023-11-01,2023,Q4,11,TAGRISSO,CN,138.09,24.26,113.83
2023-12-01,2023,Q4,12,TAGRISSO,CN,147.48,26.19,121.29
2024-01-01,2024,Q1,1,TAGRISSO,US,350.37,64.92,285.45
2024-02-01,2024,Q1,2,TAGRISSO,US,357.43,64.88,292.55
2024-03-01,2024,Q1,3,TAGRISSO,US,379.17,68.48,310.69
2024-04-01,2024,Q2,4,TAGRISSO,US,375.74,68.38,307.36
2024-05-01,2024,Q2,5,TAGRISSO,US,388.39,71.35,317.04
2024-06-01,2024,Q2,6,TAGRISSO,US,423.06,77.41,345.65
2024-07-01,2024,Q3,7,TAGRISSO,US,398.34,70.54,327.8
2024-08-01,2024,Q3,8,TAGRISSO,US,410.16,71.76,338.4
2024-09-01,2024,Q3,9,TAGRISSO,US,427.43,76.09,351.34
2024-10-01,2024,Q4,10,TAGRISSO,US,463.57,82.28,381.29
2024-11-01,2024,Q4,11,TAGRISSO,US,467.34,82.66,384.68
2024-12-01,2024,Q4,12,TAGRISSO,US,500.0,92.39,407.61
2024-01-01,2024,Q1,1,TAGRISSO,CN,117.91,21.1,96.81
2024-02-01,2024,Q1,2,TAGRISSO,CN,118.9,21.04,97.86
2024-03-01,2024,Q1,3,TAGRISSO,CN,127.84,23.7,104.14
2024-04-01,2024,Q2,4,TAGRISSO,CN,126.19,22.73,103.46
2024-05-01,2024,Q2,5,TAGRISSO,CN,132.85,23.33,109.52
2024-06-01,2024,Q2,6,TAGRISSO,CN,138.37,24.23,114.14
2024-07-01,2024,Q3,7,TAGRISSO,CN,130.76,22.99,107.77
2024-08-01,2024,Q3,8,TAGRISSO,CN,134.75,24.44,110.31
2024-09-01,2024,Q3,9,TAGRISSO,CN,144.73,26.51,118.22
2024-10-01,2024,Q4,10,TAGRISSO,CN,151.67,27.17,124.5
2024-11-01,2024,Q4,11,TAGRISSO,CN,158.44,27.77,130.67
2024-12-01,2024,Q4,12,TAGRISSO,CN,170.14,30.41,139.73
2025-01-01,2025,Q1,1,TAGRISSO,US,393.09,70.56,322.53
2025-02-01,2025,Q1,2,TAGRISSO,US,397.95,73.58,324.37
2025-03-01,2025,Q1,3,TAGRISSO,US,429.52,79.06,350.46
2025-04-01,2025,Q2,4,TAGRISSO,US,426.55,75.69,350.86
2025-05-01,2025,Q2,5,TAGRISSO,US,425.15,76.53,348.62
2025-06-01,2025,Q2,6,TAGRISSO,US,463.96,81.9,382.06
2025-07-01,2025,Q3,7,TAGRISSO,US,441.18,81.38,359.8
2025-08-01,2025,Q3,8,TAGRISSO,US,452.36,83.23,369.13
2025-09-01,2025,Q3,9,TAGRISSO,US,474.59,84.39,390.2
2025-10-01,2025,Q4,10,TAGRISSO,US,510.94,92.74,418.2
2025-11-01,2025,Q4,11,TAGRISSO,US,515.82,93.45,422.37
2025-12-01,2025,Q4,12,TAGRISSO,US,554.26,97.69,456.57
2025-01-01,2025,Q1,1,TAGRISSO,CN,129.83,23.9,105.93
2025-02-01,2025,Q1,2,TAGRISSO,CN,132.7,24.53,108.17
2025-03-01,2025,Q1,3,TAGRISSO,CN,142.09,24.94,117.15
2025-04-01,2025,Q2,4,TAGRISSO,CN,140.33,25.24,115.09
2025-05-01,2025,Q2,5,TAGRISSO,CN,141.65,24.84,116.81
2025-06-01,2025,Q2,6,TAGRISSO,CN,152.22,27.83,124.39
2025-07-01,2025,Q3,7,TAGRISSO,CN,143.19,26.19,117.0
2025-08-01,2025,Q3,8,TAGRISSO,CN,153.15,26.95,126.2
2025-09-01,2025,Q3,9,TAGRISSO,CN,162.11,29.14,132.97
2025-10-01,2025,Q4,10,TAGRISSO,CN,171.61,30.98,140.63
2025-11-01,2025,Q4,11,TAGRISSO,CN,173.31,30.76,142.55
2025-12-01,2025,Q4,12,TAGRISSO,CN,181.96,33.48,148.48
2023-01-01,2023,Q1,1,IMFINZI,US,235.82,42.04,193.78
2023-02-01,2023,Q1,2,IMFINZI,US,241.12,43.63,197.49
2023-03-01,2023,Q1,3,IMFINZI,US,259.13,45.89,213.24
2023-04-01,2023,Q2,4,IMFINZI,US,260.42,46.09,214.33
2023-05-01,2023,Q2,5,IMFINZI,US,262.93,46.11,216.82
2023-06-01,2023,Q2,6,IMFINZI,US,280.11,50.82,229.29
2023-07-01,2023,Q3,7,IMFINZI,US,274.12,48.54,225.58
2023-08-01,2023,Q3,8,IMFINZI,US,278.86,51.42,227.44
2023-09-01,2023,Q3,9,IMFINZI,US,293.27,53.93,239.34
2023-10-01,2023,Q4,10,IMFINZI,US,312.03,54.72,257.31
2023-11-01,2023,Q4,11,IMFINZI,US,316.68,56.11,260.57
2023-12-01,2023,Q4,12,IMFINZI,US,337.28,61.33,275.95
2023-01-01,2023,Q1,1,IMFINZI,CN,58.46,10.67,47.79
2023-02-01,2023,Q1,2,IMFINZI,CN,60.09,10.93,49.16
2023-03-01,2023,Q1,3,IMFINZI,CN,65.81,12.19,53.62
2023-04-01,2023,Q2,4,IMFINZI,CN,64.7,11.37,53.33
2023-05-01,2023,Q2,5,IMFINZI,CN,66.46,11.89,54.57
2023-06-01,2023,Q2,6,IMFINZI,CN,71.36,12.72,58.64
2023-07-01,2023,Q3,7,IMFINZI,CN,68.03,12.51,55.52
2023-08-01,2023,Q3,8,IMFINZI,CN,68.44,12.13,56.31
2023-09-01,2023,Q3,9,IMFINZI,CN,72.31,12.77,59.54
2023-10-01,2023,Q4,10,IMFINZI,CN,77.74,13.95,63.79
2023-11-01,2023,Q4,11,IMFINZI,CN,80.14,14.36,65.78
2023-12-01,2023,Q4,12,IMFINZI,CN,85.15,15.12,70.03
2024-01-01,2024,Q1,1,IMFINZI,US,262.05,47.13,214.92
2024-02-01,2024,Q1,2,IMFINZI,US,277.6,49.11,228.49
2024-03-01,2024,Q1,3,IMFINZI,US,288.86,51.69,237.17
2024-04-01,2024,Q2,4,IMFINZI,US,292.94,51.33,241.61
2024-05-01,2024,Q2,5,IMFINZI,US,298.39,53.32,245.07
2024-06-01,2024,Q2,6,IMFINZI,US,310.16,57.45,252.71
2024-07-01,2024,Q3,7,IMFINZI,US,306.81,54.45,252.36
2024-08-01,2024,Q3,8,IMFINZI,US,314.37,57.55,256.82
2024-09-01,2024,Q3,9,IMFINZI,US,335.17,60.17,275.0
2024-10-01,2024,Q4,10,IMFINZI,US,354.88,63.58,291.3
2024-11-01,2024,Q4,11,IMFINZI,US,364.85,67.48,297.37
2024-12-01,2024,Q4,12,IMFINZI,US,376.55,69.79,306.76
2024-01-01,2024,Q1,1,IMFINZI,CN,66.32,11.69,54.63
2024-02-01,2024,Q1,2,IMFINZI,CN,68.84,12.73,56.11
2024-03-01,2024,Q1,3,IMFINZI,CN,71.38,12.52,58.86
2024-04-01,2024,Q2,4,IMFINZI,CN,71.6,12.65,58.95
2024-05-01,2024,Q2,5,IMFINZI,CN,75.84,13.73,62.11
2024-06-01,2024,Q2,6,IMFINZI,CN,79.21,14.41,64.8
2024-07-01,2024,Q3,7,IMFINZI,CN,75.33,13.34,61.99
2024-08-01,2024,Q3,8,IMFINZI,CN,78.32,13.78,64.54
2024-09-01,2024,Q3,9,IMFINZI,CN,80.79,14.88,65.91
2024-10-01,2024,Q4,10,IMFINZI,CN,87.53,15.52,72.01
2024-11-01,2024,Q4,11,IMFINZI,CN,89.97,16.29,73.68
2024-12-01,2024,Q4,12,IMFINZI,CN,96.76,17.54,79.22
2025-01-01,2025,Q1,1,IMFINZI,US,342.44,60.06,282.38
2025-02-01,2025,Q1,2,IMFINZI,US,355.47,63.82,291.65
2025-03-01,2025,Q1,3,IMFINZI,US,376.1,69.72,306.38
2025-04-01,2025,Q2,4,IMFINZI,US,381.3,70.68,310.62
2025-05-01,2025,Q2,5,IMFINZI,US,381.92,66.99,314.93
2025-06-01,2025,Q2,6,IMFINZI,US,413.46,73.14,340.32
2025-07-01,2025,Q3,7,IMFINZI,US,386.32,68.56,317.76
2025-08-01,2025,Q3,8,IMFINZI,US,400.92,74.04,326.88
2025-09-01,2025,Q3,9,IMFINZI,US,429.93,79.16,350.77
2025-10-01,2025,Q4,10,IMFINZI,US,449.24,82.7,366.54
2025-11-01,2025,Q4,11,IMFINZI,US,463.58,82.79,380.79
2025-12-01,2025,Q4,12,IMFINZI,US,500.31,88.21,412.1
2025-01-01,2025,Q1,1,IMFINZI,CN,87.03,15.3,71.73
2025-02-01,2025,Q1,2,IMFINZI,CN,89.29,16.12,73.17
2025-03-01,2025,Q1,3,IMFINZI,CN,94.36,16.75,77.61
2025-04-01,2025,Q2,4,IMFINZI,CN,95.52,17.3,78.22
2025-05-01,2025,Q2,5,IMFINZI,CN,97.22,17.73,79.49
2025-06-01,2025,Q2,6,IMFINZI,CN,100.46,17.76,82.7
2025-07-01,2025,Q3,7,IMFINZI,CN,98.84,17.93,80.91
2025-08-01,2025,Q3,8,IMFINZI,CN,99.84,17.72,82.12
2025-09-01,2025,Q3,9,IMFINZI,CN,107.45,19.33,88.12
2025-10-01,2025,Q4,10,IMFINZI,CN,115.2,21.24,93.96
2025-11-01,2025,Q4,11,IMFINZI,CN,115.05,21.14,93.91
2025-12-01,2025,Q4,12,IMFINZI,CN,121.93,21.41,100.52
2023-01-01,2023,Q1,1,LYNPARZA,US,161.14,29.71,131.43
2023-02-01,2023,Q1,2,LYNPARZA,US,165.2,29.82,135.38
2023-03-01,2023,Q1,3,LYNPARZA,US,173.28,31.82,141.46
2023-04-01,2023,Q2,4,LYNPARZA,US,178.25,32.24,146.01
2023-05-01,2023,Q2,5,LYNPARZA,US,182.84,32.22,150.62
2023-06-01,2023,Q2,6,LYNPARZA,US,191.03,33.62,157.41
2023-07-01,2023,Q3,7,LYNPARZA,US,185.45,33.0,152.45
2023-08-01,2023,Q3,8,LYNPARZA,US,189.81,34.98,154.83
2023-09-01,2023,Q3,9,LYNPARZA,US,200.32,36.7,163.62
2023-10-01,2023,Q4,10,LYNPARZA,US,208.89,38.41,170.48
2023-11-01,2023,Q4,11,LYNPARZA,US,215.99,39.81,176.18
2023-12-01,2023,Q4,12,LYNPARZA,US,236.62,41.85,194.77
2023-01-01,2023,Q1,1,LYNPARZA,CN,35.13,6.14,28.99
2023-02-01,2023,Q1,2,LYNPARZA,CN,36.01,6.57,29.44
2023-03-01,2023,Q1,3,LYNPARZA,CN,39.24,6.99,32.25
2023-04-01,2023,Q2,4,LYNPARZA,CN,39.3,7.26,32.04
2023-05-01,2023,Q2,5,LYNPARZA,CN,39.77,7.29,32.48
2023-06-01,2023,Q2,6,LYNPARZA,CN,42.54,7.82,34.72
2023-07-01,2023,Q3,7,LYNPARZA,CN,39.76,7.29,32.47
2023-08-01,2023,Q3,8,LYNPARZA,CN,42.29,7.51,34.78
2023-09-01,2023,Q3,9,LYNPARZA,CN,44.74,8.19,36.55
2023-10-01,2023,Q4,10,LYNPARZA,CN,47.66,8.38,39.28
2023-11-01,2023,Q4,11,LYNPARZA,CN,48.83,8.99,39.84
2023-12-01,2023,Q4,12,LYNPARZA,CN,51.94,9.55,42.39
2024-01-01,2024,Q1,1,LYNPARZA,US,211.22,38.34,172.88
2024-02-01,2024,Q1,2,LYNPARZA,US,223.06,39.91,183.15
2024-03-01,2024,Q1,3,LYNPARZA,US,233.25,43.2,190.05
2024-04-01,2024,Q2,4,LYNPARZA,US,231.2,41.71,189.49
2024-05-01,2024,Q2,5,LYNPARZA,US,243.13,44.92,198.21
2024-06-01,2024,Q2,6,LYNPARZA,US,252.08,44.33,207.75
2024-07-01,2024,Q3,7,LYNPARZA,US,238.1,44.07,194.03
2024-08-01,2024,Q3,8,LYNPARZA,US,247.23,43.64,203.59
2024-09-01,2024,Q3,9,LYNPARZA,US,263.65,48.77,214.88
2024-10-01,2024,Q4,10,LYNPARZA,US,285.66,50.7,234.96
2024-11-01,2024,Q4,11,LYNPARZA,US,295.78,51.99,243.79
2024-12-01,2024,Q4,12,LYNPARZA,US,305.23,54.73,250.5
2024-01-01,2024,Q1,1,LYNPARZA,CN,47.32,8.64,38.68
2024-02-01,2024,Q1,2,LYNPARZA,CN,47.99,8.73,39.26
2024-03-01,2024,Q1,3,LYNPARZA,CN,51.5,9.19,42.31
2024-04-01,2024,Q2,4,LYNPARZA,CN,51.17,8.97,42.2
2024-05-01,2024,Q2,5,LYNPARZA,CN,52.5,9.54,42.96
2024-06-01,2024,Q2,6,LYNPARZA,CN,56.12,10.0,46.12
2024-07-01,2024,Q3,7,LYNPARZA,CN,52.76,9.39,43.37
2024-08-01,2024,Q3,8,LYNPARZA,CN,55.4,10.18,45.22
2024-09-01,2024,Q3,9,LYNPARZA,CN,57.11,10.42,46.69
2024-10-01,2024,Q4,10,LYNPARZA,CN,62.86,11.18,51.68
2024-11-01,2024,Q4,11,LYNPARZA,CN,63.83,11.36,52.47
2024-12-01,2024,Q4,12,LYNPARZA,CN,68.19,12.21,55.98
2025-01-01,2025,Q1,1,LYNPARZA,US,189.76,34.01,155.75
2025-02-01,2025,Q1,2,LYNPARZA,US,194.85,35.24,159.61
2025-03-01,2025,Q1,3,LYNPARZA,US,205.26,37.29,167.97
2025-04-01,2025,Q2,4,LYNPARZA,US,207.16,37.21,169.95
2025-05-01,2025,Q2,5,LYNPARZA,US,218.09,39.12,178.97
2025-06-01,2025,Q2,6,LYNPARZA,US,228.92,40.5,188.42
2025-07-01,2025,Q3,7,LYNPARZA,US,219.97,39.53,180.44
2025-08-01,2025,Q3,8,LYNPARZA,US,224.28,41.34,182.94
2025-09-01,2025,Q3,9,LYNPARZA,US,234.89,43.03,191.86
2025-10-01,2025,Q4,10,LYNPARZA,US,251.6,44.39,207.21
2025-11-01,2025,Q4,11,LYNPARZA,US,253.79,44.54,209.25
2025-12-01,2025,Q4,12,LYNPARZA,US,272.32,49.06,223.26
2025-01-01,2025,Q1,1,LYNPARZA,CN,42.04,7.53,34.51
2025-02-01,2025,Q1,2,LYNPARZA,CN,42.84,7.77,35.07
2025-03-01,2025,Q1,3,LYNPARZA,CN,46.32,8.18,38.14
2025-04-01,2025,Q2,4,LYNPARZA,CN,46.08,8.39,37.69
2025-05-01,2025,Q2,5,LYNPARZA,CN,47.37,8.52,38.85
2025-06-01,2025,Q2,6,LYNPARZA,CN,49.35,8.75,40.6
2025-07-01,2025,Q3,7,LYNPARZA,CN,46.95,8.53,38.42
2025-08-01,2025,Q3,8,LYNPARZA,CN,48.07,8.4,39.67
2025-09-01,2025,Q3,9,LYNPARZA,CN,51.44,9.4,42.04
2025-10-01,2025,Q4,10,LYNPARZA,CN,55.07,10.07,45.0
2025-11-01,2025,Q4,11,LYNPARZA,CN,57.64,10.13,47.51
2025-12-01,2025,Q4,12,LYNPARZA,CN,59.26,10.62,48.64
2023-01-01,2023,Q1,1,CALQUENCE,US,147.66,27.2,120.46
2023-02-01,2023,Q1,2,CALQUENCE,US,157.1,28.47,128.63
2023-03-01,2023,Q1,3,CALQUENCE,US,163.74,29.86,133.88
2023-04-01,2023,Q2,4,CALQUENCE,US,160.26,28.86,131.4
2023-05-01,2023,Q2,5,CALQUENCE,US,166.61,30.58,136.03
2023-06-01,2023,Q2,6,CALQUENCE,US,180.99,32.67,148.32
2023-07-01,2023,Q3,7,CALQUENCE,US,169.7,31.27,138.43
2023-08-01,2023,Q3,8,CALQUENCE,US,177.43,32.4,145.03
2023-09-01,2023,Q3,9,CALQUENCE,US,187.18,33.64,153.54
2023-10-01,2023,Q4,10,CALQUENCE,US,201.05,35.67,165.38
2023-11-01,2023,Q4,11,CALQUENCE,US,204.14,36.19,167.95
2023-12-01,2023,Q4,12,CALQUENCE,US,219.57,39.85,179.72
2023-01-01,2023,Q1,1,CALQUENCE,CN,26.68,4.86,21.82
2023-02-01,2023,Q1,2,CALQUENCE,CN,27.25,4.78,22.47
2023-03-01,2023,Q1,3,CALQUENCE,CN,29.02,5.19,23.83
2023-04-01,2023,Q2,4,CALQUENCE,CN,28.54,5.15,23.39
2023-05-01,2023,Q2,5,CALQUENCE,CN,29.2,5.23,23.97
2023-06-01,2023,Q2,6,CALQUENCE,CN,31.23,5.52,25.71
2023-07-01,2023,Q3,7,CALQUENCE,CN,29.73,5.33,24.4
2023-08-01,2023,Q3,8,CALQUENCE,CN,30.71,5.66,25.05
2023-09-01,2023,Q3,9,CALQUENCE,CN,32.87,5.95,26.92
2023-10-01,2023,Q4,10,CALQUENCE,CN,34.3,6.25,28.05
2023-11-01,2023,Q4,11,CALQUENCE,CN,35.5,6.53,28.97
2023-12-01,2023,Q4,12,CALQUENCE,CN,38.36,7.01,31.35
2024-01-01,2024,Q1,1,CALQUENCE,US,184.62,33.1,151.52
2024-02-01,2024,Q1,2,CALQUENCE,US,187.52,32.8,154.72
2024-03-01,2024,Q1,3,CALQUENCE,US,201.69,35.95,165.74
2024-04-01,2024,Q2,4,CALQUENCE,US,204.42,37.19,167.23
2024-05-01,2024,Q2,5,CALQUENCE,US,211.64,37.88,173.76
2024-06-01,2024,Q2,6,CALQUENCE,US,225.35,39.75,185.6
2024-07-01,2024,Q3,7,CALQUENCE,US,210.12,37.75,172.37
2024-08-01,2024,Q3,8,CALQUENCE,US,219.54,38.63,180.91
2024-09-01,2024,Q3,9,CALQUENCE,US,230.99,41.88,189.11
2024-10-01,2024,Q4,10,CALQUENCE,US,245.54,42.94,202.6
2024-11-01,2024,Q4,11,CALQUENCE,US,249.35,44.6,204.75
2024-12-01,2024,Q4,12,CALQUENCE,US,264.45,47.78,216.67
2024-01-01,2024,Q1,1,CALQUENCE,CN,32.12,5.7,26.42
2024-02-01,2024,Q1,2,CALQUENCE,CN,33.95,5.96,27.99
2024-03-01,2024,Q1,3,CALQUENCE,CN,35.28,6.17,29.11
2024-04-01,2024,Q2,4,CALQUENCE,CN,35.66,6.43,29.23
2024-05-01,2024,Q2,5,CALQUENCE,CN,36.17,6.71,29.46
2024-06-01,2024,Q2,6,CALQUENCE,CN,38.87,6.93,31.94
2024-07-01,2024,Q3,7,CALQUENCE,CN,36.77,6.68,30.09
2024-08-01,2024,Q3,8,CALQUENCE,CN,38.1,6.97,31.13
2024-09-01,2024,Q3,9,CALQUENCE,CN,41.11,7.47,33.64
2024-10-01,2024,Q4,10,CALQUENCE,CN,42.94,7.85,35.09
2024-11-01,2024,Q4,11,CALQUENCE,CN,44.95,8.31,36.64
2024-12-01,2024,Q4,12,CALQUENCE,CN,47.82,8.45,39.37
2025-01-01,2025,Q1,1,CALQUENCE,US,205.42,37.68,167.74
2025-02-01,2025,Q1,2,CALQUENCE,US,212.98,39.41,173.57
2025-03-01,2025,Q1,3,CALQUENCE,US,225.65,39.66,185.99
2025-04-01,2025,Q2,4,CALQUENCE,US,230.03,40.23,189.8
2025-05-01,2025,Q2,5,CALQUENCE,US,236.22,42.04,194.18
2025-06-01,2025,Q2,6,CALQUENCE,US,247.08,44.95,202.13
2025-07-01,2025,Q3,7,CALQUENCE,US,239.9,44.37,195.53
2025-08-01,2025,Q3,8,CALQUENCE,US,248.06,44.37,203.69
2025-09-01,2025,Q3,9,CALQUENCE,US,256.85,46.83,210.02
2025-10-01,2025,Q4,10,CALQUENCE,US,277.26,48.64,228.62
2025-11-01,2025,Q4,11,CALQUENCE,US,287.53,52.35,235.18
2025-12-01,2025,Q4,12,CALQUENCE,US,297.31,53.92,243.39
2025-01-01,2025,Q1,1,CALQUENCE,CN,36.37,6.68,29.69
2025-02-01,2025,Q1,2,CALQUENCE,CN,38.53,7.07,31.46
2025-03-01,2025,Q1,3,CALQUENCE,CN,40.99,7.2,33.79
2025-04-01,2025,Q2,4,CALQUENCE,CN,40.48,7.49,32.99
2025-05-01,2025,Q2,5,CALQUENCE,CN,40.95,7.43,33.52
2025-06-01,2025,Q2,6,CALQUENCE,CN,44.95,8.25,36.7
2025-07-01,2025,Q3,7,CALQUENCE,CN,42.47,7.74,34.73
2025-08-01,2025,Q3,8,CALQUENCE,CN,43.05,7.72,35.33
2025-09-01,2025,Q3,9,CALQUENCE,CN,45.81,8.36,37.45
2025-10-01,2025,Q4,10,CALQUENCE,CN,48.47,8.97,39.5
2025-11-01,2025,Q4,11,CALQUENCE,CN,50.25,8.92,41.33
2025-12-01,2025,Q4,12,CALQUENCE,CN,52.95,9.71,43.24
2023-01-01,2023,Q1,1,ENHERTU,US,76.08,13.59,62.49
2023-02-01,2023,Q1,2,ENHERTU,US,78.28,13.69,64.59
2023-03-01,2023,Q1,3,ENHERTU,US,82.87,15.23,67.64
2023-04-01,2023,Q2,4,ENHERTU,US,83.63,14.77,68.86
2023-05-01,2023,Q2,5,ENHERTU,US,84.67,14.98,69.69
2023-06-01,2023,Q2,6,ENHERTU,US,91.91,16.84,75.07
2023-07-01,2023,Q3,7,ENHERTU,US,87.46,15.59,71.87
2023-08-01,2023,Q3,8,ENHERTU,US,87.55,16.12,71.43
2023-09-01,2023,Q3,9,ENHERTU,US,95.85,17.46,78.39
2023-10-01,2023,Q4,10,ENHERTU,US,99.11,17.6,81.51
2023-11-01,2023,Q4,11,ENHERTU,US,103.11,18.01,85.1
2023-12-01,2023,Q4,12,ENHERTU,US,110.0,20.33,89.67
2023-01-01,2023,Q1,1,ENHERTU,CN,15.3,2.77,12.53
2023-02-01,2023,Q1,2,ENHERTU,CN,16.19,2.91,13.28
2023-03-01,2023,Q1,3,ENHERTU,CN,17.01,3.07,13.94
2023-04-01,2023,Q2,4,ENHERTU,CN,17.15,3.07,14.08
2023-05-01,2023,Q2,5,ENHERTU,CN,17.64,3.22,14.42
2023-06-01,2023,Q2,6,ENHERTU,CN,18.67,3.33,15.34
2023-07-01,2023,Q3,7,ENHERTU,CN,17.67,3.22,14.45
2023-08-01,2023,Q3,8,ENHERTU,CN,18.45,3.28,15.17
2023-09-01,2023,Q3,9,ENHERTU,CN,19.02,3.37,15.65
2023-10-01,2023,Q4,10,ENHERTU,CN,20.28,3.57,16.71
2023-11-01,2023,Q4,11,ENHERTU,CN,21.31,3.77,17.54
2023-12-01,2023,Q4,12,ENHERTU,CN,22.26,3.92,18.34
2024-01-01,2024,Q1,1,ENHERTU,US,117.03,20.66,96.37
2024-02-01,2024,Q1,2,ENHERTU,US,121.78,21.28,100.5
2024-03-01,2024,Q1,3,ENHERTU,US,126.21,22.76,103.45
2024-04-01,2024,Q2,4,ENHERTU,US,126.04,22.38,103.66
2024-05-01,2024,Q2,5,ENHERTU,US,131.39,24.32,107.07
2024-06-01,2024,Q2,6,ENHERTU,US,140.69,25.41,115.28
2024-07-01,2024,Q3,7,ENHERTU,US,135.33,24.65,110.68
2024-08-01,2024,Q3,8,ENHERTU,US,137.08,24.12,112.96
2024-09-01,2024,Q3,9,ENHERTU,US,143.99,26.49,117.5
2024-10-01,2024,Q4,10,ENHERTU,US,151.59,27.27,124.32
2024-11-01,2024,Q4,11,ENHERTU,US,156.92,28.88,128.04
2024-12-01,2024,Q4,12,ENHERTU,US,166.65,30.13,136.52
2024-01-01,2024,Q1,1,ENHERTU,CN,23.91,4.32,19.59
2024-02-01,2024,Q1,2,ENHERTU,CN,24.63,4.38,20.25
2024-03-01,2024,Q1,3,ENHERTU,CN,25.85,4.79,21.06
2024-04-01,2024,Q2,4,ENHERTU,CN,25.64,4.51,21.13
2024-05-01,2024,Q2,5,ENHERTU,CN,27.4,5.01,22.39
2024-06-01,2024,Q2,6,ENHERTU,CN,28.53,5.17,23.36
2024-07-01,2024,Q3,7,ENHERTU,CN,27.55,5.05,22.5
2024-08-01,2024,Q3,8,ENHERTU,CN,27.94,4.95,22.99
2024-09-01,2024,Q3,9,ENHERTU,CN,29.24,5.27,23.97
2024-10-01,2024,Q4,10,ENHERTU,CN,31.72,5.69,26.03
2024-11-01,2024,Q4,11,ENHERTU,CN,31.96,5.73,26.23
2024-12-01,2024,Q4,12,ENHERTU,CN,34.03,6.26,27.77
2025-01-01,2025,Q1,1,ENHERTU,US,166.82,29.13,137.69
2025-02-01,2025,Q1,2,ENHERTU,US,167.41,30.04,137.37
2025-03-01,2025,Q1,3,ENHERTU,US,179.81,32.55,147.26
2025-04-01,2025,Q2,4,ENHERTU,US,179.27,31.86,147.41
2025-05-01,2025,Q2,5,ENHERTU,US,185.83,32.91,152.92
2025-06-01,2025,Q2,6,ENHERTU,US,198.71,36.21,162.5
2025-07-01,2025,Q3,7,ENHERTU,US,183.75,33.48,150.27
2025-08-01,2025,Q3,8,ENHERTU,US,189.51,34.02,155.49
2025-09-01,2025,Q3,9,ENHERTU,US,204.65,37.25,167.4
2025-10-01,2025,Q4,10,ENHERTU,US,212.71,39.26,173.45
2025-11-01,2025,Q4,11,ENHERTU,US,219.5,40.19,179.31
2025-12-01,2025,Q4,12,ENHERTU,US,231.88,42.05,189.83
2025-01-01,2025,Q1,1,ENHERTU,CN,33.73,5.99,27.74
2025-02-01,2025,Q1,2,ENHERTU,CN,35.16,6.19,28.97
2025-03-01,2025,Q1,3,ENHERTU,CN,36.54,6.65,29.89
2025-04-01,2025,Q2,4,ENHERTU,CN,36.62,6.67,29.95
2025-05-01,2025,Q2,5,ENHERTU,CN,37.92,7.01,30.91
2025-06-01,2025,Q2,6,ENHERTU,CN,40.64,7.32,33.32
2025-07-01,2025,Q3,7,ENHERTU,CN,38.58,6.94,31.64
2025-08-01,2025,Q3,8,ENHERTU,CN,38.6,6.77,31.83
2025-09-01,2025,Q3,9,ENHERTU,CN,41.09,7.19,33.9
2025-10-01,2025,Q4,10,ENHERTU,CN,43.83,7.86,35.97
2025-11-01,2025,Q4,11,ENHERTU,CN,46.01,8.19,37.82
2025-12-01,2025,Q4,12,ENHERTU,CN,48.45,8.59,39.86
2023-01-01,2023,Q1,1,KOSELUGO,US,18.28,3.37,14.91
2023-02-01,2023,Q1,2,KOSELUGO,US,19.52,3.45,16.07
2023-03-01,2023,Q1,3,KOSELUGO,US,20.6,3.73,16.87
2023-04-01,2023,Q2,4,KOSELUGO,US,20.34,3.69,16.65
2023-05-01,2023,Q2,5,KOSELUGO,US,21.29,3.83,17.46
2023-06-01,2023,Q2,6,KOSELUGO,US,22.62,3.97,18.65
2023-07-01,2023,Q3,7,KOSELUGO,US,21.27,3.79,17.48
2023-08-01,2023,Q3,8,KOSELUGO,US,21.58,3.85,17.73
2023-09-01,2023,Q3,9,KOSELUGO,US,22.68,4.12,18.56
2023-10-01,2023,Q4,10,KOSELUGO,US,24.75,4.55,20.2
2023-11-01,2023,Q4,11,KOSELUGO,US,25.23,4.5,20.73
2023-12-01,2023,Q4,12,KOSELUGO,US,26.96,4.91,22.05
2023-01-01,2023,Q1,1,KOSELUGO,CN,2.51,0.45,2.06
2023-02-01,2023,Q1,2,KOSELUGO,CN,2.66,0.48,2.18
2023-03-01,2023,Q1,3,KOSELUGO,CN,2.81,0.5,2.31
2023-04-01,2023,Q2,4,KOSELUGO,CN,2.77,0.49,2.28
2023-05-01,2023,Q2,5,KOSELUGO,CN,2.85,0.52,2.33
2023-06-01,2023,Q2,6,KOSELUGO,CN,3.0,0.54,2.46
2023-07-01,2023,Q3,7,KOSELUGO,CN,2.86,0.52,2.34
2023-08-01,2023,Q3,8,KOSELUGO,CN,3.03,0.54,2.49
2023-09-01,2023,Q3,9,KOSELUGO,CN,3.14,0.57,2.57
2023-10-01,2023,Q4,10,KOSELUGO,CN,3.34,0.62,2.72
2023-11-01,2023,Q4,11,KOSELUGO,CN,3.51,0.63,2.88
2023-12-01,2023,Q4,12,KOSELUGO,CN,3.68,0.67,3.01
2024-01-01,2024,Q1,1,KOSELUGO,US,36.61,6.72,29.89
2024-02-01,2024,Q1,2,KOSELUGO,US,39.06,7.03,32.03
2024-03-01,2024,Q1,3,KOSELUGO,US,40.83,7.44,33.39
2024-04-01,2024,Q2,4,KOSELUGO,US,40.13,7.23,32.9
2024-05-01,2024,Q2,5,KOSELUGO,US,41.25,7.32,33.93
2024-06-01,2024,Q2,6,KOSELUGO,US,44.44,8.16,36.28
2024-07-01,2024,Q3,7,KOSELUGO,US,42.33,7.84,34.49
2024-08-01,2024,Q3,8,KOSELUGO,US,42.85,7.59,35.26
2024-09-01,2024,Q3,9,KOSELUGO,US,47.11,8.51,38.6
2024-10-01,2024,Q4,10,KOSELUGO,US,49.81,8.9,40.91
2024-11-01,2024,Q4,11,KOSELUGO,US,50.45,9.31,41.14
2024-12-01,2024,Q4,12,KOSELUGO,US,52.77,9.5,43.27
2024-01-01,2024,Q1,1,KOSELUGO,CN,5.15,0.93,4.22
2024-02-01,2024,Q1,2,KOSELUGO,CN,5.3,0.93,4.37
2024-03-01,2024,Q1,3,KOSELUGO,CN,5.49,0.99,4.5
2024-04-01,2024,Q2,4,KOSELUGO,CN,5.59,1.0,4.59
2024-05-01,2024,Q2,5,KOSELUGO,CN,5.68,1.03,4.65
2024-06-01,2024,Q2,6,KOSELUGO,CN,6.15,1.11,5.04
2024-07-01,2024,Q3,7,KOSELUGO,CN,5.76,1.03,4.73
2024-08-01,2024,Q3,8,KOSELUGO,CN,6.02,1.07,4.95
2024-09-01,2024,Q3,9,KOSELUGO,CN,6.25,1.1,5.15
2024-10-01,2024,Q4,10,KOSELUGO,CN,6.63,1.21,5.42
2024-11-01,2024,Q4,11,KOSELUGO,CN,6.91,1.25,5.66
2024-12-01,2024,Q4,12,KOSELUGO,CN,7.45,1.32,6.13
2025-01-01,2025,Q1,1,KOSELUGO,US,56.37,10.2,46.17
2025-02-01,2025,Q1,2,KOSELUGO,US,56.45,10.39,46.06
2025-03-01,2025,Q1,3,KOSELUGO,US,61.58,11.33,50.25
2025-04-01,2025,Q2,4,KOSELUGO,US,61.32,11.0,50.32
2025-05-01,2025,Q2,5,KOSELUGO,US,63.51,11.45,52.06
2025-06-01,2025,Q2,6,KOSELUGO,US,66.22,11.89,54.33
2025-07-01,2025,Q3,7,KOSELUGO,US,63.77,11.63,52.14
2025-08-01,2025,Q3,8,KOSELUGO,US,66.18,11.85,54.33
2025-09-01,2025,Q3,9,KOSELUGO,US,70.63,12.83,57.8
2025-10-01,2025,Q4,10,KOSELUGO,US,73.48,12.95,60.53
2025-11-01,2025,Q4,11,KOSELUGO,US,74.39,13.37,61.02
2025-12-01,2025,Q4,12,KOSELUGO,US,80.4,14.88,65.52
2025-01-01,2025,Q1,1,KOSELUGO,CN,7.55,1.32,6.23
2025-02-01,2025,Q1,2,KOSELUGO,CN,7.9,1.43,6.47
2025-03-01,2025,Q1,3,KOSELUGO,CN,8.37,1.54,6.83
2025-04-01,2025,Q2,4,KOSELUGO,CN,8.41,1.56,6.85
2025-05-01,2025,Q2,5,KOSELUGO,CN,8.67,1.58,7.09
2025-06-01,2025,Q2,6,KOSELUGO,CN,9.2,1.65,7.55
2025-07-01,2025,Q3,7,KOSELUGO,CN,8.6,1.51,7.09
2025-08-01,2025,Q3,8,KOSELUGO,CN,8.84,1.6,7.24
2025-09-01,2025,Q3,9,KOSELUGO,CN,9.53,1.75,7.78
2025-10-01,2025,Q4,10,KOSELUGO,CN,10.13,1.82,8.31
2025-11-01,2025,Q4,11,KOSELUGO,CN,10.49,1.91,8.58
2025-12-01,2025,Q4,12,KOSELUGO,CN,10.76,1.98,8.78
2023-01-01,2023,Q1,1,TRUQAP,US,0.0,0.0,0.0
2023-02-01,2023,Q1,2,TRUQAP,US,0.0,0.0,0.0
2023-03-01,2023,Q1,3,TRUQAP,US,0.0,0.0,0.0
2023-04-01,2023,Q2,4,TRUQAP,US,0.0,0.0,0.0
2023-05-01,2023,Q2,5,TRUQAP,US,0.0,0.0,0.0
2023-06-01,2023,Q2,6,TRUQAP,US,0.0,0.0,0.0
2023-07-01,2023,Q3,7,TRUQAP,US,0.0,0.0,0.0
2023-08-01,2023,Q3,8,TRUQAP,US,0.0,0.0,0.0
2023-09-01,2023,Q3,9,TRUQAP,US,0.0,0.0,0.0
2023-10-01,2023,Q4,10,TRUQAP,US,0.0,0.0,0.0
2023-11-01,2023,Q4,11,TRUQAP,US,0.0,0.0,0.0
2023-12-01,2023,Q4,12,TRUQAP,US,0.0,0.0,0.0
2023-01-01,2023,Q1,1,TRUQAP,CN,0.0,0.0,0.0
2023-02-01,2023,Q1,2,TRUQAP,CN,0.0,0.0,0.0
2023-03-01,2023,Q1,3,TRUQAP,CN,0.0,0.0,0.0
2023-04-01,2023,Q2,4,TRUQAP,CN,0.0,0.0,0.0
2023-05-01,2023,Q2,5,TRUQAP,CN,0.0,0.0,0.0
2023-06-01,2023,Q2,6,TRUQAP,CN,0.0,0.0,0.0
2023-07-01,2023,Q3,7,TRUQAP,CN,0.0,0.0,0.0
2023-08-01,2023,Q3,8,TRUQAP,CN,0.0,0.0,0.0
2023-09-01,2023,Q3,9,TRUQAP,CN,0.0,0.0,0.0
2023-10-01,2023,Q4,10,TRUQAP,CN,0.0,0.0,0.0
2023-11-01,2023,Q4,11,TRUQAP,CN,0.0,0.0,0.0
2023-12-01,2023,Q4,12,TRUQAP,CN,0.0,0.0,0.0
2024-01-01,2024,Q1,1,TRUQAP,US,12.56,2.28,10.28
2024-02-01,2024,Q1,2,TRUQAP,US,13.22,2.35,10.87
2024-03-01,2024,Q1,3,TRUQAP,US,13.92,2.5,11.42
2024-04-01,2024,Q2,4,TRUQAP,US,13.74,2.49,11.25
2024-05-01,2024,Q2,5,TRUQAP,US,14.33,2.62,11.71
2024-06-01,2024,Q2,6,TRUQAP,US,15.19,2.67,12.52
2024-07-01,2024,Q3,7,TRUQAP,US,14.5,2.58,11.92
2024-08-01,2024,Q3,8,TRUQAP,US,14.98,2.74,12.24
2024-09-01,2024,Q3,9,TRUQAP,US,15.85,2.8,13.05
2024-10-01,2024,Q4,10,TRUQAP,US,16.93,2.98,13.95
2024-11-01,2024,Q4,11,TRUQAP,US,17.31,3.12,14.19
2024-12-01,2024,Q4,12,TRUQAP,US,18.56,3.44,15.12
2024-01-01,2024,Q1,1,TRUQAP,CN,1.41,0.26,1.15
2024-02-01,2024,Q1,2,TRUQAP,CN,1.48,0.27,1.21
2024-03-01,2024,Q1,3,TRUQAP,CN,1.56,0.28,1.28
2024-04-01,2024,Q2,4,TRUQAP,CN,1.52,0.28,1.24
2024-05-01,2024,Q2,5,TRUQAP,CN,1.6,0.3,1.3
2024-06-01,2024,Q2,6,TRUQAP,CN,1.68,0.31,1.37
2024-07-01,2024,Q3,7,TRUQAP,CN,1.62,0.29,1.33
2024-08-01,2024,Q3,8,TRUQAP,CN,1.67,0.31,1.36
2024-09-01,2024,Q3,9,TRUQAP,CN,1.74,0.3,1.44
2024-10-01,2024,Q4,10,TRUQAP,CN,1.83,0.33,1.5
2024-11-01,2024,Q4,11,TRUQAP,CN,1.95,0.35,1.6
2024-12-01,2024,Q4,12,TRUQAP,CN,2.0,0.36,1.64
2025-01-01,2025,Q1,1,TRUQAP,US,25.52,4.68,20.84
2025-02-01,2025,Q1,2,TRUQAP,US,26.22,4.84,21.38
2025-03-01,2025,Q1,3,TRUQAP,US,28.08,4.99,23.09
2025-04-01,2025,Q2,4,TRUQAP,US,28.13,5.04,23.09
2025-05-01,2025,Q2,5,TRUQAP,US,28.07,4.94,23.13
2025-06-01,2025,Q2,6,TRUQAP,US,29.92,5.53,24.39
2025-07-01,2025,Q3,7,TRUQAP,US,28.25,5.03,23.22
2025-08-01,2025,Q3,8,TRUQAP,US,30.16,5.43,24.73
2025-09-01,2025,Q3,9,TRUQAP,US,31.58,5.55,26.03
2025-10-01,2025,Q4,10,TRUQAP,US,33.96,6.25,27.71
2025-11-01,2025,Q4,11,TRUQAP,US,34.07,6.0,28.07
2025-12-01,2025,Q4,12,TRUQAP,US,35.9,6.44,29.46
2025-01-01,2025,Q1,1,TRUQAP,CN,2.84,0.51,2.33
2025-02-01,2025,Q1,2,TRUQAP,CN,2.93,0.53,2.4
2025-03-01,2025,Q1,3,TRUQAP,CN,3.13,0.58,2.55
2025-04-01,2025,Q2,4,TRUQAP,CN,3.06,0.56,2.5
2025-05-01,2025,Q2,5,TRUQAP,CN,3.2,0.56,2.64
2025-06-01,2025,Q2,6,TRUQAP,CN,3.31,0.6,2.71
2025-07-01,2025,Q3,7,TRUQAP,CN,3.19,0.58,2.61
2025-08-01,2025,Q3,8,TRUQAP,CN,3.25,0.6,2.65
2025-09-01,2025,Q3,9,TRUQAP,CN,3.5,0.62,2.88
2025-10-01,2025,Q4,10,TRUQAP,CN,3.7,0.66,3.04
2025-11-01,2025,Q4,11,TRUQAP,CN,3.9,0.69,3.21
2025-12-01,2025,Q4,12,TRUQAP,CN,3.98,0.7,3.28
2023-01-01,2023,Q1,1,FARXIGA,US,334.06,62.36,271.7
2023-02-01,2023,Q1,2,FARXIGA,US,339.15,63.34,275.81
2023-03-01,2023,Q1,3,FARXIGA,US,362.71,70.44,292.27
2023-04-01,2023,Q2,4,FARXIGA,US,361.46,67.97,293.49
2023-05-01,2023,Q2,5,FARXIGA,US,372.1,69.2,302.9
2023-06-01,2023,Q2,6,FARXIGA,US,385.59,75.02,310.57
2023-07-01,2023,Q3,7,FARXIGA,US,378.7,69.81,308.89
2023-08-01,2023,Q3,8,FARXIGA,US,382.14,74.17,307.97
2023-09-01,2023,Q3,9,FARXIGA,US,403.37,75.01,328.36
2023-10-01,2023,Q4,10,FARXIGA,US,435.43,80.9,354.53
2023-11-01,2023,Q4,11,FARXIGA,US,440.15,82.38,357.77
2023-12-01,2023,Q4,12,FARXIGA,US,480.06,89.43,390.63
2023-01-01,2023,Q1,1,FARXIGA,CN,93.53,18.07,75.46
2023-02-01,2023,Q1,2,FARXIGA,CN,94.01,17.88,76.13
2023-03-01,2023,Q1,3,FARXIGA,CN,99.67,18.49,81.18
2023-04-01,2023,Q2,4,FARXIGA,CN,102.55,19.49,83.06
2023-05-01,2023,Q2,5,FARXIGA,CN,103.45,20.18,83.27
2023-06-01,2023,Q2,6,FARXIGA,CN,110.1,20.35,89.75
2023-07-01,2023,Q3,7,FARXIGA,CN,104.22,20.14,84.08
2023-08-01,2023,Q3,8,FARXIGA,CN,106.95,20.77,86.18
2023-09-01,2023,Q3,9,FARXIGA,CN,116.62,22.19,94.43
2023-10-01,2023,Q4,10,FARXIGA,CN,122.62,23.24,99.38
2023-11-01,2023,Q4,11,FARXIGA,CN,127.57,24.91,102.66
2023-12-01,2023,Q4,12,FARXIGA,CN,133.85,24.76,109.09
2024-01-01,2024,Q1,1,FARXIGA,US,422.47,79.43,343.04
2024-02-01,2024,Q1,2,FARXIGA,US,434.32,84.97,349.35
2024-03-01,2024,Q1,3,FARXIGA,US,465.9,88.68,377.22
2024-04-01,2024,Q2,4,FARXIGA,US,461.08,87.36,373.72
2024-05-01,2024,Q2,5,FARXIGA,US,483.47,92.44,391.03
2024-06-01,2024,Q2,6,FARXIGA,US,495.9,91.96,403.94
2024-07-01,2024,Q3,7,FARXIGA,US,472.42,90.85,381.57
2024-08-01,2024,Q3,8,FARXIGA,US,497.64,96.55,401.09
2024-09-01,2024,Q3,9,FARXIGA,US,516.4,99.0,417.4
2024-10-01,2024,Q4,10,FARXIGA,US,552.34,106.64,445.7
2024-11-01,2024,Q4,11,FARXIGA,US,577.83,111.24,466.59
2024-12-01,2024,Q4,12,FARXIGA,US,610.79,114.07,496.72
2024-01-01,2024,Q1,1,FARXIGA,CN,119.03,23.07,95.96
2024-02-01,2024,Q1,2,FARXIGA,CN,121.65,22.55,99.1
2024-03-01,2024,Q1,3,FARXIGA,CN,129.6,24.03,105.57
2024-04-01,2024,Q2,4,FARXIGA,CN,129.86,25.03,104.83
2024-05-01,2024,Q2,5,FARXIGA,CN,133.71,25.88,107.83
2024-06-01,2024,Q2,6,FARXIGA,CN,139.99,26.69,113.3
2024-07-01,2024,Q3,7,FARXIGA,CN,135.12,25.81,109.31
2024-08-01,2024,Q3,8,FARXIGA,CN,140.68,26.83,113.85
2024-09-01,2024,Q3,9,FARXIGA,CN,147.48,27.73,119.75
2024-10-01,2024,Q4,10,FARXIGA,CN,155.02,28.79,126.23
2024-11-01,2024,Q4,11,FARXIGA,CN,164.86,31.05,133.81
2024-12-01,2024,Q4,12,FARXIGA,CN,168.96,32.42,136.54
2025-01-01,2025,Q1,1,FARXIGA,US,465.88,87.81,378.07
2025-02-01,2025,Q1,2,FARXIGA,US,482.68,93.15,389.53
2025-03-01,2025,Q1,3,FARXIGA,US,508.97,97.13,411.84
2025-04-01,2025,Q2,4,FARXIGA,US,512.62,99.19,413.43
2025-05-01,2025,Q2,5,FARXIGA,US,521.0,101.04,419.96
2025-06-01,2025,Q2,6,FARXIGA,US,547.1,106.91,440.19
2025-07-01,2025,Q3,7,FARXIGA,US,525.79,101.81,423.98
2025-08-01,2025,Q3,8,FARXIGA,US,534.33,102.21,432.12
2025-09-01,2025,Q3,9,FARXIGA,US,576.89,110.55,466.34
2025-10-01,2025,Q4,10,FARXIGA,US,601.32,111.0,490.32
2025-11-01,2025,Q4,11,FARXIGA,US,617.2,120.29,496.91
2025-12-01,2025,Q4,12,FARXIGA,US,674.22,130.63,543.59
2025-01-01,2025,Q1,1,FARXIGA,CN,128.89,24.85,104.04
2025-02-01,2025,Q1,2,FARXIGA,CN,132.45,24.74,107.71
2025-03-01,2025,Q1,3,FARXIGA,CN,143.45,27.12,116.33
2025-04-01,2025,Q2,4,FARXIGA,CN,140.84,26.5,114.34
2025-05-01,2025,Q2,5,FARXIGA,CN,145.42,27.41,118.01
2025-06-01,2025,Q2,6,FARXIGA,CN,152.17,29.3,122.87
2025-07-01,2025,Q3,7,FARXIGA,CN,150.03,28.98,121.05
2025-08-01,2025,Q3,8,FARXIGA,CN,152.86,29.16,123.7
2025-09-01,2025,Q3,9,FARXIGA,CN,161.06,29.84,131.22
2025-10-01,2025,Q4,10,FARXIGA,CN,169.04,31.26,137.78
2025-11-01,2025,Q4,11,FARXIGA,CN,177.8,33.09,144.71
2025-12-01,2025,Q4,12,FARXIGA,CN,184.05,35.22,148.83
2023-01-01,2023,Q1,1,BRILINTA,US,66.35,12.73,53.62
2023-02-01,2023,Q1,2,BRILINTA,US,67.33,12.44,54.89
2023-03-01,2023,Q1,3,BRILINTA,US,72.54,13.7,58.84
2023-04-01,2023,Q2,4,BRILINTA,US,71.84,13.73,58.11
2023-05-01,2023,Q2,5,BRILINTA,US,73.96,13.64,60.32
2023-06-01,2023,Q2,6,BRILINTA,US,77.91,14.63,63.28
2023-07-01,2023,Q3,7,BRILINTA,US,75.64,14.12,61.52
2023-08-01,2023,Q3,8,BRILINTA,US,76.03,14.13,61.9
2023-09-01,2023,Q3,9,BRILINTA,US,81.67,15.29,66.38
2023-10-01,2023,Q4,10,BRILINTA,US,86.11,16.19,69.92
2023-11-01,2023,Q4,11,BRILINTA,US,90.21,16.63,73.58
2023-12-01,2023,Q4,12,BRILINTA,US,94.95,18.31,76.64
2023-01-01,2023,Q1,1,BRILINTA,CN,25.29,4.83,20.46
2023-02-01,2023,Q1,2,BRILINTA,CN,26.3,5.02,21.28
2023-03-01,2023,Q1,3,BRILINTA,CN,28.26,5.44,22.82
2023-04-01,2023,Q2,4,BRILINTA,CN,27.96,5.29,22.67
2023-05-01,2023,Q2,5,BRILINTA,CN,29.21,5.42,23.79
2023-06-01,2023,Q2,6,BRILINTA,CN,30.95,5.71,25.24
2023-07-01,2023,Q3,7,BRILINTA,CN,28.62,5.38,23.24
2023-08-01,2023,Q3,8,BRILINTA,CN,30.46,5.89,24.57
2023-09-01,2023,Q3,9,BRILINTA,CN,31.27,5.98,25.29
2023-10-01,2023,Q4,10,BRILINTA,CN,33.13,6.42,26.71
2023-11-01,2023,Q4,11,BRILINTA,CN,35.42,6.9,28.52
2023-12-01,2023,Q4,12,BRILINTA,CN,37.48,6.95,30.53
2024-01-01,2024,Q1,1,BRILINTA,US,66.8,13.0,53.8
2024-02-01,2024,Q1,2,BRILINTA,US,67.26,12.66,54.6
2024-03-01,2024,Q1,3,BRILINTA,US,72.33,13.93,58.4
2024-04-01,2024,Q2,4,BRILINTA,US,71.95,13.93,58.02
2024-05-01,2024,Q2,5,BRILINTA,US,73.82,14.29,59.53
2024-06-01,2024,Q2,6,BRILINTA,US,78.03,14.59,63.44
2024-07-01,2024,Q3,7,BRILINTA,US,74.4,13.84,60.56
2024-08-01,2024,Q3,8,BRILINTA,US,76.7,14.31,62.39
2024-09-01,2024,Q3,9,BRILINTA,US,80.81,15.45,65.36
2024-10-01,2024,Q4,10,BRILINTA,US,86.9,16.77,70.13
2024-11-01,2024,Q4,11,BRILINTA,US,88.19,16.91,71.28
2024-12-01,2024,Q4,12,BRILINTA,US,95.04,17.71,77.33
2024-01-01,2024,Q1,1,BRILINTA,CN,25.91,4.8,21.11
2024-02-01,2024,Q1,2,BRILINTA,CN,26.42,5.0,21.42
2024-03-01,2024,Q1,3,BRILINTA,CN,28.31,5.32,22.99
2024-04-01,2024,Q2,4,BRILINTA,CN,28.25,5.29,22.96
2024-05-01,2024,Q2,5,BRILINTA,CN,28.77,5.32,23.45
2024-06-01,2024,Q2,6,BRILINTA,CN,31.09,5.91,25.18
2024-07-01,2024,Q3,7,BRILINTA,CN,29.2,5.48,23.72
2024-08-01,2024,Q3,8,BRILINTA,CN,30.19,5.72,24.47
2024-09-01,2024,Q3,9,BRILINTA,CN,32.01,5.92,26.09
2024-10-01,2024,Q4,10,BRILINTA,CN,34.27,6.64,27.63
2024-11-01,2024,Q4,11,BRILINTA,CN,35.01,6.48,28.53
2024-12-01,2024,Q4,12,BRILINTA,CN,36.43,7.07,29.36
2025-01-01,2025,Q1,1,BRILINTA,US,46.27,8.61,37.66
2025-02-01,2025,Q1,2,BRILINTA,US,47.26,8.74,38.52
2025-03-01,2025,Q1,3,BRILINTA,US,49.91,9.26,40.65
2025-04-01,2025,Q2,4,BRILINTA,US,49.69,9.67,40.02
2025-05-01,2025,Q2,5,BRILINTA,US,51.43,9.68,41.75
2025-06-01,2025,Q2,6,BRILINTA,US,55.07,10.6,44.47
2025-07-01,2025,Q3,7,BRILINTA,US,52.66,10.01,42.65
2025-08-01,2025,Q3,8,BRILINTA,US,53.35,9.94,43.41
2025-09-01,2025,Q3,9,BRILINTA,US,57.4,10.74,46.66
2025-10-01,2025,Q4,10,BRILINTA,US,60.5,11.45,49.05
2025-11-01,2025,Q4,11,BRILINTA,US,61.57,11.66,49.91
2025-12-01,2025,Q4,12,BRILINTA,US,65.71,12.5,53.21
2025-01-01,2025,Q1,1,BRILINTA,CN,17.5,3.37,14.13
2025-02-01,2025,Q1,2,BRILINTA,CN,18.2,3.49,14.71
2025-03-01,2025,Q1,3,BRILINTA,CN,19.24,3.74,15.5
2025-04-01,2025,Q2,4,BRILINTA,CN,19.28,3.75,15.53
2025-05-01,2025,Q2,5,BRILINTA,CN,19.83,3.73,16.1
2025-06-01,2025,Q2,6,BRILINTA,CN,21.25,4.06,17.19
2025-07-01,2025,Q3,7,BRILINTA,CN,20.39,3.79,16.6
2025-08-01,2025,Q3,8,BRILINTA,CN,20.91,3.94,16.97
2025-09-01,2025,Q3,9,BRILINTA,CN,21.67,4.23,17.44
2025-10-01,2025,Q4,10,BRILINTA,CN,23.01,4.42,18.59
2025-11-01,2025,Q4,11,BRILINTA,CN,24.29,4.59,19.7
2025-12-01,2025,Q4,12,BRILINTA,CN,25.36,4.85,20.51
2023-01-01,2023,Q1,1,LOKELMA,US,22.92,4.32,18.6
2023-02-01,2023,Q1,2,LOKELMA,US,23.06,4.35,18.71
2023-03-01,2023,Q1,3,LOKELMA,US,24.52,4.57,19.95
2023-04-01,2023,Q2,4,LOKELMA,US,24.86,4.64,20.22
2023-05-01,2023,Q2,5,LOKELMA,US,25.66,5.01,20.65
2023-06-01,2023,Q2,6,LOKELMA,US,27.06,5.14,21.92
2023-07-01,2023,Q3,7,LOKELMA,US,25.94,4.85,21.09
2023-08-01,2023,Q3,8,LOKELMA,US,26.65,4.95,21.7
2023-09-01,2023,Q3,9,LOKELMA,US,28.21,5.22,22.99
2023-10-01,2023,Q4,10,LOKELMA,US,29.73,5.77,23.96
2023-11-01,2023,Q4,11,LOKELMA,US,30.8,5.71,25.09
2023-12-01,2023,Q4,12,LOKELMA,US,32.38,6.25,26.13
2023-01-01,2023,Q1,1,LOKELMA,CN,5.71,1.08,4.63
2023-02-01,2023,Q1,2,LOKELMA,CN,5.9,1.12,4.78
2023-03-01,2023,Q1,3,LOKELMA,CN,6.05,1.16,4.89
2023-04-01,2023,Q2,4,LOKELMA,CN,6.1,1.14,4.96
2023-05-01,2023,Q2,5,LOKELMA,CN,6.4,1.21,5.19
2023-06-01,2023,Q2,6,LOKELMA,CN,6.62,1.24,5.38
2023-07-01,2023,Q3,7,LOKELMA,CN,6.37,1.23,5.14
2023-08-01,2023,Q3,8,LOKELMA,CN,6.51,1.23,5.28
2023-09-01,2023,Q3,9,LOKELMA,CN,7.09,1.35,5.74
2023-10-01,2023,Q4,10,LOKELMA,CN,7.5,1.41,6.09
2023-11-01,2023,Q4,11,LOKELMA,CN,7.75,1.5,6.25
2023-12-01,2023,Q4,12,LOKELMA,CN,8.01,1.52,6.49
2024-01-01,2024,Q1,1,LOKELMA,US,28.54,5.34,23.2
2024-02-01,2024,Q1,2,LOKELMA,US,28.89,5.54,23.35
2024-03-01,2024,Q1,3,LOKELMA,US,31.35,6.09,25.26
2024-04-01,2024,Q2,4,LOKELMA,US,31.32,5.97,25.35
2024-05-01,2024,Q2,5,LOKELMA,US,31.63,5.87,25.76
2024-06-01,2024,Q2,6,LOKELMA,US,33.31,6.46,26.85
2024-07-01,2024,Q3,7,LOKELMA,US,31.85,6.18,25.67
2024-08-01,2024,Q3,8,LOKELMA,US,33.04,6.2,26.84
2024-09-01,2024,Q3,9,LOKELMA,US,35.65,6.88,28.77
2024-10-01,2024,Q4,10,LOKELMA,US,37.59,7.04,30.55
2024-11-01,2024,Q4,11,LOKELMA,US,38.74,7.54,31.2
2024-12-01,2024,Q4,12,LOKELMA,US,40.01,7.44,32.57
2024-01-01,2024,Q1,1,LOKELMA,CN,7.02,1.37,5.65
2024-02-01,2024,Q1,2,LOKELMA,CN,7.39,1.43,5.96
2024-03-01,2024,Q1,3,LOKELMA,CN,7.61,1.46,6.15
2024-04-01,2024,Q2,4,LOKELMA,CN,7.66,1.48,6.18
2024-05-01,2024,Q2,5,LOKELMA,CN,7.87,1.46,6.41
2024-06-01,2024,Q2,6,LOKELMA,CN,8.24,1.55,6.69
2024-07-01,2024,Q3,7,LOKELMA,CN,7.86,1.52,6.34
2024-08-01,2024,Q3,8,LOKELMA,CN,8.25,1.59,6.66
2024-09-01,2024,Q3,9,LOKELMA,CN,8.66,1.61,7.05
2024-10-01,2024,Q4,10,LOKELMA,CN,9.46,1.82,7.64
2024-11-01,2024,Q4,11,LOKELMA,CN,9.52,1.8,7.72
2024-12-01,2024,Q4,12,LOKELMA,CN,9.96,1.84,8.12
2025-01-01,2025,Q1,1,LOKELMA,US,38.76,7.35,31.41
2025-02-01,2025,Q1,2,LOKELMA,US,40.26,7.47,32.79
2025-03-01,2025,Q1,3,LOKELMA,US,43.7,8.5,35.2
2025-04-01,2025,Q2,4,LOKELMA,US,43.09,8.23,34.86
2025-05-01,2025,Q2,5,LOKELMA,US,44.76,8.26,36.5
2025-06-01,2025,Q2,6,LOKELMA,US,47.09,8.96,38.13
2025-07-01,2025,Q3,7,LOKELMA,US,44.1,8.25,35.85
2025-08-01,2025,Q3,8,LOKELMA,US,45.81,8.52,37.29
2025-09-01,2025,Q3,9,LOKELMA,US,48.61,9.2,39.41
2025-10-01,2025,Q4,10,LOKELMA,US,51.03,9.76,41.27
2025-11-01,2025,Q4,11,LOKELMA,US,53.42,9.99,43.43
2025-12-01,2025,Q4,12,LOKELMA,US,57.51,10.87,46.64
2025-01-01,2025,Q1,1,LOKELMA,CN,9.92,1.86,8.06
2025-02-01,2025,Q1,2,LOKELMA,CN,10.0,1.84,8.16
2025-03-01,2025,Q1,3,LOKELMA,CN,10.98,2.12,8.86
2025-04-01,2025,Q2,4,LOKELMA,CN,10.57,1.99,8.58
2025-05-01,2025,Q2,5,LOKELMA,CN,11.1,2.14,8.96
2025-06-01,2025,Q2,6,LOKELMA,CN,11.76,2.25,9.51
2025-07-01,2025,Q3,7,LOKELMA,CN,11.42,2.21,9.21
2025-08-01,2025,Q3,8,LOKELMA,CN,11.58,2.23,9.35
2025-09-01,2025,Q3,9,LOKELMA,CN,12.2,2.29,9.91
2025-10-01,2025,Q4,10,LOKELMA,CN,12.98,2.4,10.58
2025-11-01,2025,Q4,11,LOKELMA,CN,13.47,2.57,10.9
2025-12-01,2025,Q4,12,LOKELMA,CN,14.48,2.8,11.68
2023-01-01,2023,Q1,1,CRESTOR,US,49.68,9.18,40.5
2023-02-01,2023,Q1,2,CRESTOR,US,52.49,10.23,42.26
2023-03-01,2023,Q1,3,CRESTOR,US,54.98,10.46,44.52
2023-04-01,2023,Q2,4,CRESTOR,US,55.34,10.82,44.52
2023-05-01,2023,Q2,5,CRESTOR,US,56.93,10.84,46.09
2023-06-01,2023,Q2,6,CRESTOR,US,60.81,11.38,49.43
2023-07-01,2023,Q3,7,CRESTOR,US,56.2,10.84,45.36
2023-08-01,2023,Q3,8,CRESTOR,US,59.64,11.12,48.52
2023-09-01,2023,Q3,9,CRESTOR,US,62.46,11.77,50.69
2023-10-01,2023,Q4,10,CRESTOR,US,65.8,12.71,53.09
2023-11-01,2023,Q4,11,CRESTOR,US,67.18,13.04,54.14
2023-12-01,2023,Q4,12,CRESTOR,US,71.7,13.49,58.21
2023-01-01,2023,Q1,1,CRESTOR,CN,26.7,5.14,21.56
2023-02-01,2023,Q1,2,CRESTOR,CN,27.8,5.15,22.65
2023-03-01,2023,Q1,3,CRESTOR,CN,30.11,5.76,24.35
2023-04-01,2023,Q2,4,CRESTOR,CN,29.86,5.78,24.08
2023-05-01,2023,Q2,5,CRESTOR,CN,30.97,5.9,25.07
2023-06-01,2023,Q2,6,CRESTOR,CN,32.19,6.05,26.14
2023-07-01,2023,Q3,7,CRESTOR,CN,31.38,5.81,25.57
2023-08-01,2023,Q3,8,CRESTOR,CN,31.76,6.09,25.67
2023-09-01,2023,Q3,9,CRESTOR,CN,33.68,6.32,27.36
2023-10-01,2023,Q4,10,CRESTOR,CN,36.33,6.95,29.38
2023-11-01,2023,Q4,11,CRESTOR,CN,36.87,6.97,29.9
2023-12-01,2023,Q4,12,CRESTOR,CN,39.55,7.6,31.95
2024-01-01,2024,Q1,1,CRESTOR,US,54.59,10.48,44.11
2024-02-01,2024,Q1,2,CRESTOR,US,55.59,10.85,44.74
2024-03-01,2024,Q1,3,CRESTOR,US,60.95,11.33,49.62
2024-04-01,2024,Q2,4,CRESTOR,US,59.55,11.39,48.16
2024-05-01,2024,Q2,5,CRESTOR,US,63.01,12.17,50.84
2024-06-01,2024,Q2,6,CRESTOR,US,64.93,11.99,52.94
2024-07-01,2024,Q3,7,CRESTOR,US,63.6,11.77,51.83
2024-08-01,2024,Q3,8,CRESTOR,US,65.5,12.65,52.85
2024-09-01,2024,Q3,9,CRESTOR,US,67.09,12.64,54.45
2024-10-01,2024,Q4,10,CRESTOR,US,72.78,13.73,59.05
2024-11-01,2024,Q4,11,CRESTOR,US,74.24,14.16,60.08
2024-12-01,2024,Q4,12,CRESTOR,US,80.12,15.32,64.8
2024-01-01,2024,Q1,1,CRESTOR,CN,29.78,5.62,24.16
2024-02-01,2024,Q1,2,CRESTOR,CN,31.04,5.92,25.12
2024-03-01,2024,Q1,3,CRESTOR,CN,32.17,6.02,26.15
2024-04-01,2024,Q2,4,CRESTOR,CN,32.6,6.1,26.5
2024-05-01,2024,Q2,5,CRESTOR,CN,33.36,6.32,27.04
2024-06-01,2024,Q2,6,CRESTOR,CN,35.32,6.91,28.41
2024-07-01,2024,Q3,7,CRESTOR,CN,33.46,6.28,27.18
2024-08-01,2024,Q3,8,CRESTOR,CN,34.86,6.79,28.07
2024-09-01,2024,Q3,9,CRESTOR,CN,36.38,6.91,29.47
2024-10-01,2024,Q4,10,CRESTOR,CN,38.37,7.13,31.24
2024-11-01,2024,Q4,11,CRESTOR,CN,40.57,7.87,32.7
2024-12-01,2024,Q4,12,CRESTOR,CN,42.63,8.08,34.55
2025-01-01,2025,Q1,1,CRESTOR,US,51.14,9.97,41.17
2025-02-01,2025,Q1,2,CRESTOR,US,51.8,9.92,41.88
2025-03-01,2025,Q1,3,CRESTOR,US,54.15,10.47,43.68
2025-04-01,2025,Q2,4,CRESTOR,US,55.31,10.51,44.8
2025-05-01,2025,Q2,5,CRESTOR,US,57.41,10.66,46.75
2025-06-01,2025,Q2,6,CRESTOR,US,59.63,11.13,48.5
2025-07-01,2025,Q3,7,CRESTOR,US,56.85,10.57,46.28
2025-08-01,2025,Q3,8,CRESTOR,US,57.96,11.2,46.76
2025-09-01,2025,Q3,9,CRESTOR,US,62.67,11.57,51.1
2025-10-01,2025,Q4,10,CRESTOR,US,67.39,12.85,54.54
2025-11-01,2025,Q4,11,CRESTOR,US,69.39,13.08,56.31
2025-12-01,2025,Q4,12,CRESTOR,US,73.19,14.16,59.03
2025-01-01,2025,Q1,1,CRESTOR,CN,27.16,5.14,22.02
2025-02-01,2025,Q1,2,CRESTOR,CN,28.08,5.39,22.69
2025-03-01,2025,Q1,3,CRESTOR,CN,29.15,5.49,23.66
2025-04-01,2025,Q2,4,CRESTOR,CN,29.34,5.7,23.64
2025-05-01,2025,Q2,5,CRESTOR,CN,31.1,6.01,25.09
2025-06-01,2025,Q2,6,CRESTOR,CN,32.62,6.25,26.37
2025-07-01,2025,Q3,7,CRESTOR,CN,30.83,5.75,25.08
2025-08-01,2025,Q3,8,CRESTOR,CN,32.1,6.27,25.83
2025-09-01,2025,Q3,9,CRESTOR,CN,34.12,6.46,27.66
2025-10-01,2025,Q4,10,CRESTOR,CN,35.12,6.84,28.28
2025-11-01,2025,Q4,11,CRESTOR,CN,37.54,6.94,30.6
2025-12-01,2025,Q4,12,CRESTOR,CN,39.3,7.3,32.0
2023-01-01,2023,Q1,1,SYMBICORT,US,116.63,23.05,93.58
2023-02-01,2023,Q1,2,SYMBICORT,US,120.33,24.11,96.22
2023-03-01,2023,Q1,3,SYMBICORT,US,128.44,25.69,102.75
2023-04-01,2023,Q2,4,SYMBICORT,US,130.1,25.5,104.6
2023-05-01,2023,Q2,5,SYMBICORT,US,132.24,27.15,105.09
2023-06-01,2023,Q2,6,SYMBICORT,US,143.61,28.13,115.48
2023-07-01,2023,Q3,7,SYMBICORT,US,136.52,27.56,108.96
2023-08-01,2023,Q3,8,SYMBICORT,US,140.52,28.48,112.04
2023-09-01,2023,Q3,9,SYMBICORT,US,145.53,29.29,116.24
2023-10-01,2023,Q4,10,SYMBICORT,US,156.75,31.99,124.76
2023-11-01,2023,Q4,11,SYMBICORT,US,161.1,32.34,128.76
2023-12-01,2023,Q4,12,SYMBICORT,US,167.96,34.25,133.71
2023-01-01,2023,Q1,1,SYMBICORT,CN,49.73,9.94,39.79
2023-02-01,2023,Q1,2,SYMBICORT,CN,51.32,10.45,40.87
2023-03-01,2023,Q1,3,SYMBICORT,CN,55.75,11.27,44.48
2023-04-01,2023,Q2,4,SYMBICORT,CN,55.47,10.96,44.51
2023-05-01,2023,Q2,5,SYMBICORT,CN,57.37,11.18,46.19
2023-06-01,2023,Q2,6,SYMBICORT,CN,61.13,11.9,49.23
2023-07-01,2023,Q3,7,SYMBICORT,CN,57.41,11.44,45.97
2023-08-01,2023,Q3,8,SYMBICORT,CN,59.73,11.93,47.8
2023-09-01,2023,Q3,9,SYMBICORT,CN,63.0,12.38,50.62
2023-10-01,2023,Q4,10,SYMBICORT,CN,67.16,13.52,53.64
2023-11-01,2023,Q4,11,SYMBICORT,CN,68.32,13.51,54.81
2023-12-01,2023,Q4,12,SYMBICORT,CN,74.41,15.08,59.33
2024-01-01,2024,Q1,1,SYMBICORT,US,144.25,28.65,115.6
2024-02-01,2024,Q1,2,SYMBICORT,US,149.5,30.11,119.39
2024-03-01,2024,Q1,3,SYMBICORT,US,159.28,31.37,127.91
2024-04-01,2024,Q2,4,SYMBICORT,US,153.6,31.39,122.21
2024-05-01,2024,Q2,5,SYMBICORT,US,159.94,31.33,128.61
2024-06-01,2024,Q2,6,SYMBICORT,US,170.94,33.83,137.11
2024-07-01,2024,Q3,7,SYMBICORT,US,161.22,32.39,128.83
2024-08-01,2024,Q3,8,SYMBICORT,US,167.25,33.07,134.18
2024-09-01,2024,Q3,9,SYMBICORT,US,175.97,35.75,140.22
2024-10-01,2024,Q4,10,SYMBICORT,US,186.48,37.29,149.19
2024-11-01,2024,Q4,11,SYMBICORT,US,191.14,38.26,152.88
2024-12-01,2024,Q4,12,SYMBICORT,US,204.32,40.86,163.46
2024-01-01,2024,Q1,1,SYMBICORT,CN,60.78,12.18,48.6
2024-02-01,2024,Q1,2,SYMBICORT,CN,61.96,12.65,49.31
2024-03-01,2024,Q1,3,SYMBICORT,CN,68.18,13.58,54.6
2024-04-01,2024,Q2,4,SYMBICORT,CN,66.83,13.67,53.16
2024-05-01,2024,Q2,5,SYMBICORT,CN,70.19,14.23,55.96
2024-06-01,2024,Q2,6,SYMBICORT,CN,72.25,14.68,57.57
2024-07-01,2024,Q3,7,SYMBICORT,CN,69.19,13.73,55.46
2024-08-01,2024,Q3,8,SYMBICORT,CN,70.48,14.01,56.47
2024-09-01,2024,Q3,9,SYMBICORT,CN,76.11,15.29,60.82
2024-10-01,2024,Q4,10,SYMBICORT,CN,81.97,16.09,65.88
2024-11-01,2024,Q4,11,SYMBICORT,CN,83.77,16.81,66.96
2024-12-01,2024,Q4,12,SYMBICORT,CN,88.2,17.19,71.01
2025-01-01,2025,Q1,1,SYMBICORT,US,133.08,26.14,106.94
2025-02-01,2025,Q1,2,SYMBICORT,US,138.67,27.75,110.92
2025-03-01,2025,Q1,3,SYMBICORT,US,144.25,28.85,115.4
2025-04-01,2025,Q2,4,SYMBICORT,US,147.99,28.79,119.2
2025-05-01,2025,Q2,5,SYMBICORT,US,150.77,29.5,121.27
2025-06-01,2025,Q2,6,SYMBICORT,US,156.34,30.95,125.39
2025-07-01,2025,Q3,7,SYMBICORT,US,154.07,30.77,123.3
2025-08-01,2025,Q3,8,SYMBICORT,US,155.26,30.97,124.29
2025-09-01,2025,Q3,9,SYMBICORT,US,167.33,33.68,133.65
2025-10-01,2025,Q4,10,SYMBICORT,US,174.26,34.88,139.38
2025-11-01,2025,Q4,11,SYMBICORT,US,184.05,36.43,147.62
2025-12-01,2025,Q4,12,SYMBICORT,US,193.79,39.02,154.77
2025-01-01,2025,Q1,1,SYMBICORT,CN,56.25,11.57,44.68
2025-02-01,2025,Q1,2,SYMBICORT,CN,59.96,12.05,47.91
2025-03-01,2025,Q1,3,SYMBICORT,CN,62.97,12.82,50.15
2025-04-01,2025,Q2,4,SYMBICORT,CN,61.71,12.51,49.2
2025-05-01,2025,Q2,5,SYMBICORT,CN,63.73,12.89,50.84
2025-06-01,2025,Q2,6,SYMBICORT,CN,68.93,13.39,55.54
2025-07-01,2025,Q3,7,SYMBICORT,CN,64.88,12.96,51.92
2025-08-01,2025,Q3,8,SYMBICORT,CN,67.38,13.85,53.53
2025-09-01,2025,Q3,9,SYMBICORT,CN,70.31,14.3,56.01
2025-10-01,2025,Q4,10,SYMBICORT,CN,76.12,15.48,60.64
2025-11-01,2025,Q4,11,SYMBICORT,CN,77.11,15.49,61.62
2025-12-01,2025,Q4,12,SYMBICORT,CN,82.79,16.78,66.01
2023-01-01,2023,Q1,1,BREZTRI,US,40.54,7.94,32.6
2023-02-01,2023,Q1,2,BREZTRI,US,41.12,8.32,32.8
2023-03-01,2023,Q1,3,BREZTRI,US,44.43,8.84,35.59
2023-04-01,2023,Q2,4,BREZTRI,US,44.29,9.0,35.29
2023-05-01,2023,Q2,5,BREZTRI,US,46.08,9.45,36.63
2023-06-01,2023,Q2,6,BREZTRI,US,47.54,9.72,37.82
2023-07-01,2023,Q3,7,BREZTRI,US,46.25,9.38,36.87
2023-08-01,2023,Q3,8,BREZTRI,US,46.47,9.05,37.42
2023-09-01,2023,Q3,9,BREZTRI,US,51.13,10.0,41.13
2023-10-01,2023,Q4,10,BREZTRI,US,52.44,10.3,42.14
2023-11-01,2023,Q4,11,BREZTRI,US,53.87,10.66,43.21
2023-12-01,2023,Q4,12,BREZTRI,US,57.83,11.68,46.15
2023-01-01,2023,Q1,1,BREZTRI,CN,8.88,1.75,7.13
2023-02-01,2023,Q1,2,BREZTRI,CN,9.08,1.82,7.26
2023-03-01,2023,Q1,3,BREZTRI,CN,9.58,1.88,7.7
2023-04-01,2023,Q2,4,BREZTRI,CN,9.84,2.02,7.82
2023-05-01,2023,Q2,5,BREZTRI,CN,9.92,1.96,7.96
2023-06-01,2023,Q2,6,BREZTRI,CN,10.52,2.08,8.44
2023-07-01,2023,Q3,7,BREZTRI,CN,10.19,2.0,8.19
2023-08-01,2023,Q3,8,BREZTRI,CN,10.49,2.12,8.37
2023-09-01,2023,Q3,9,BREZTRI,CN,11.09,2.19,8.9
2023-10-01,2023,Q4,10,BREZTRI,CN,11.78,2.33,9.45
2023-11-01,2023,Q4,11,BREZTRI,CN,12.11,2.49,9.62
2023-12-01,2023,Q4,12,BREZTRI,CN,12.63,2.57,10.06
2024-01-01,2024,Q1,1,BREZTRI,US,57.2,11.4,45.8
2024-02-01,2024,Q1,2,BREZTRI,US,58.63,11.55,47.08
2024-03-01,2024,Q1,3,BREZTRI,US,63.59,12.7,50.89
2024-04-01,2024,Q2,4,BREZTRI,US,62.67,12.31,50.36
2024-05-01,2024,Q2,5,BREZTRI,US,66.19,13.27,52.92
2024-06-01,2024,Q2,6,BREZTRI,US,69.76,14.31,55.45
2024-07-01,2024,Q3,7,BREZTRI,US,66.79,13.52,53.27
2024-08-01,2024,Q3,8,BREZTRI,US,68.47,13.4,55.07
2024-09-01,2024,Q3,9,BREZTRI,US,71.15,14.33,56.82
2024-10-01,2024,Q4,10,BREZTRI,US,75.45,15.17,60.28
2024-11-01,2024,Q4,11,BREZTRI,US,79.15,15.59,63.56
2024-12-01,2024,Q4,12,BREZTRI,US,82.72,16.71,66.01
2024-01-01,2024,Q1,1,BREZTRI,CN,12.69,2.6,10.09
2024-02-01,2024,Q1,2,BREZTRI,CN,13.14,2.62,10.52
2024-03-01,2024,Q1,3,BREZTRI,CN,13.61,2.67,10.94
2024-04-01,2024,Q2,4,BREZTRI,CN,13.78,2.83,10.95
2024-05-01,2024,Q2,5,BREZTRI,CN,14.38,2.85,11.53
2024-06-01,2024,Q2,6,BREZTRI,CN,14.88,3.0,11.88
2024-07-01,2024,Q3,7,BREZTRI,CN,14.56,2.98,11.58
2024-08-01,2024,Q3,8,BREZTRI,CN,14.56,2.84,11.72
2024-09-01,2024,Q3,9,BREZTRI,CN,15.78,3.17,12.61
2024-10-01,2024,Q4,10,BREZTRI,CN,16.99,3.41,13.58
2024-11-01,2024,Q4,11,BREZTRI,CN,17.16,3.48,13.68
2024-12-01,2024,Q4,12,BREZTRI,CN,18.59,3.82,14.77
2025-01-01,2025,Q1,1,BREZTRI,US,64.55,12.53,52.02
2025-02-01,2025,Q1,2,BREZTRI,US,64.63,12.98,51.65
2025-03-01,2025,Q1,3,BREZTRI,US,70.52,13.77,56.75
2025-04-01,2025,Q2,4,BREZTRI,US,68.38,14.07,54.31
2025-05-01,2025,Q2,5,BREZTRI,US,72.64,14.34,58.3
2025-06-01,2025,Q2,6,BREZTRI,US,77.27,15.91,61.36
2025-07-01,2025,Q3,7,BREZTRI,US,71.86,14.41,57.45
2025-08-01,2025,Q3,8,BREZTRI,US,74.4,14.87,59.53
2025-09-01,2025,Q3,9,BREZTRI,US,80.3,16.48,63.82
2025-10-01,2025,Q4,10,BREZTRI,US,85.25,17.41,67.84
2025-11-01,2025,Q4,11,BREZTRI,US,87.79,17.52,70.27
2025-12-01,2025,Q4,12,BREZTRI,US,92.93,18.24,74.69
2025-01-01,2025,Q1,1,BREZTRI,CN,13.72,2.8,10.92
2025-02-01,2025,Q1,2,BREZTRI,CN,14.18,2.84,11.34
2025-03-01,2025,Q1,3,BREZTRI,CN,15.22,2.97,12.25
2025-04-01,2025,Q2,4,BREZTRI,CN,15.06,3.04,12.02
2025-05-01,2025,Q2,5,BREZTRI,CN,15.48,3.04,12.44
2025-06-01,2025,Q2,6,BREZTRI,CN,16.79,3.29,13.5
2025-07-01,2025,Q3,7,BREZTRI,CN,16.02,3.17,12.85
2025-08-01,2025,Q3,8,BREZTRI,CN,16.38,3.23,13.15
2025-09-01,2025,Q3,9,BREZTRI,CN,17.5,3.45,14.05
2025-10-01,2025,Q4,10,BREZTRI,CN,18.14,3.57,14.57
2025-11-01,2025,Q4,11,BREZTRI,CN,19.22,3.9,15.32
2025-12-01,2025,Q4,12,BREZTRI,CN,20.42,4.2,16.22
2023-01-01,2023,Q1,1,FASENRA,US,94.99,18.78,76.21
2023-02-01,2023,Q1,2,FASENRA,US,99.62,19.47,80.15
2023-03-01,2023,Q1,3,FASENRA,US,102.67,21.05,81.62
2023-04-01,2023,Q2,4,FASENRA,US,105.09,20.76,84.33
2023-05-01,2023,Q2,5,FASENRA,US,108.54,21.86,86.68
2023-06-01,2023,Q2,6,FASENRA,US,112.24,22.07,90.17
2023-07-01,2023,Q3,7,FASENRA,US,107.14,20.96,86.18
2023-08-01,2023,Q3,8,FASENRA,US,111.33,21.8,89.53
2023-09-01,2023,Q3,9,FASENRA,US,118.55,24.06,94.49
2023-10-01,2023,Q4,10,FASENRA,US,126.22,25.4,100.82
2023-11-01,2023,Q4,11,FASENRA,US,132.21,26.31,105.9
2023-12-01,2023,Q4,12,FASENRA,US,139.16,27.91,111.25
2023-01-01,2023,Q1,1,FASENRA,CN,16.88,3.29,13.59
2023-02-01,2023,Q1,2,FASENRA,CN,17.45,3.5,13.95
2023-03-01,2023,Q1,3,FASENRA,CN,18.6,3.72,14.88
2023-04-01,2023,Q2,4,FASENRA,CN,18.22,3.66,14.56
2023-05-01,2023,Q2,5,FASENRA,CN,18.82,3.68,15.14
2023-06-01,2023,Q2,6,FASENRA,CN,20.37,4.03,16.34
2023-07-01,2023,Q3,7,FASENRA,CN,19.49,3.9,15.59
2023-08-01,2023,Q3,8,FASENRA,CN,19.47,3.8,15.67
2023-09-01,2023,Q3,9,FASENRA,CN,20.96,4.12,16.84
2023-10-01,2023,Q4,10,FASENRA,CN,22.45,4.51,17.94
2023-11-01,2023,Q4,11,FASENRA,CN,22.58,4.41,18.17
2023-12-01,2023,Q4,12,FASENRA,CN,24.42,4.89,19.53
2024-01-01,2024,Q1,1,FASENRA,US,102.98,20.03,82.95
2024-02-01,2024,Q1,2,FASENRA,US,104.71,20.75,83.96
2024-03-01,2024,Q1,3,FASENRA,US,111.32,21.68,89.64
2024-04-01,2024,Q2,4,FASENRA,US,110.78,22.81,87.97
2024-05-01,2024,Q2,5,FASENRA,US,112.42,23.07,89.35
2024-06-01,2024,Q2,6,FASENRA,US,121.2,23.61,97.59
2024-07-01,2024,Q3,7,FASENRA,US,117.02,24.01,93.01
2024-08-01,2024,Q3,8,FASENRA,US,120.28,23.38,96.9
2024-09-01,2024,Q3,9,FASENRA,US,125.91,25.04,100.87
2024-10-01,2024,Q4,10,FASENRA,US,135.79,27.6,108.19
2024-11-01,2024,Q4,11,FASENRA,US,139.65,28.38,111.27
2024-12-01,2024,Q4,12,FASENRA,US,147.13,30.27,116.86
2024-01-01,2024,Q1,1,FASENRA,CN,18.06,3.54,14.52
2024-02-01,2024,Q1,2,FASENRA,CN,18.45,3.7,14.75
2024-03-01,2024,Q1,3,FASENRA,CN,20.02,4.01,16.01
2024-04-01,2024,Q2,4,FASENRA,CN,19.49,3.95,15.54
2024-05-01,2024,Q2,5,FASENRA,CN,20.49,4.03,16.46
2024-06-01,2024,Q2,6,FASENRA,CN,21.77,4.22,17.55
2024-07-01,2024,Q3,7,FASENRA,CN,20.3,3.94,16.36
2024-08-01,2024,Q3,8,FASENRA,CN,21.19,4.19,17.0
2024-09-01,2024,Q3,9,FASENRA,CN,22.46,4.54,17.92
2024-10-01,2024,Q4,10,FASENRA,CN,23.7,4.75,18.95
2024-11-01,2024,Q4,11,FASENRA,CN,24.55,4.92,19.63
2024-12-01,2024,Q4,12,FASENRA,CN,25.72,5.24,20.48
2025-01-01,2025,Q1,1,FASENRA,US,106.62,20.81,85.81
2025-02-01,2025,Q1,2,FASENRA,US,110.39,21.46,88.93
2025-03-01,2025,Q1,3,FASENRA,US,116.75,23.49,93.26
2025-04-01,2025,Q2,4,FASENRA,US,119.56,24.2,95.36
2025-05-01,2025,Q2,5,FASENRA,US,122.27,23.79,98.48
2025-06-01,2025,Q2,6,FASENRA,US,126.53,25.67,100.86
2025-07-01,2025,Q3,7,FASENRA,US,123.92,24.64,99.28
2025-08-01,2025,Q3,8,FASENRA,US,125.82,24.76,101.06
2025-09-01,2025,Q3,9,FASENRA,US,135.3,26.6,108.7
2025-10-01,2025,Q4,10,FASENRA,US,144.16,29.46,114.7
2025-11-01,2025,Q4,11,FASENRA,US,143.58,27.95,115.63
2025-12-01,2025,Q4,12,FASENRA,US,153.47,30.7,122.77
2025-01-01,2025,Q1,1,FASENRA,CN,18.85,3.67,15.18
2025-02-01,2025,Q1,2,FASENRA,CN,19.85,4.08,15.77
2025-03-01,2025,Q1,3,FASENRA,CN,20.98,4.29,16.69
2025-04-01,2025,Q2,4,FASENRA,CN,20.59,4.22,16.37
2025-05-01,2025,Q2,5,FASENRA,CN,21.47,4.33,17.14
2025-06-01,2025,Q2,6,FASENRA,CN,22.84,4.55,18.29
2025-07-01,2025,Q3,7,FASENRA,CN,21.45,4.29,17.16
2025-08-01,2025,Q3,8,FASENRA,CN,22.1,4.55,17.55
2025-09-01,2025,Q3,9,FASENRA,CN,23.29,4.78,18.51
2025-10-01,2025,Q4,10,FASENRA,CN,25.22,5.1,20.12
2025-11-01,2025,Q4,11,FASENRA,CN,25.55,5.2,20.35
2025-12-01,2025,Q4,12,FASENRA,CN,27.19,5.38,21.81
2023-01-01,2023,Q1,1,SAPHNELO,US,18.52,3.72,14.8
2023-02-01,2023,Q1,2,SAPHNELO,US,18.9,3.7,15.2
2023-03-01,2023,Q1,3,SAPHNELO,US,20.23,3.98,16.25
2023-04-01,2023,Q2,4,SAPHNELO,US,20.48,4.02,16.46
2023-05-01,2023,Q2,5,SAPHNELO,US,20.89,4.21,16.68
2023-06-01,2023,Q2,6,SAPHNELO,US,22.49,4.61,17.88
2023-07-01,2023,Q3,7,SAPHNELO,US,20.95,4.28,16.67
2023-08-01,2023,Q3,8,SAPHNELO,US,21.96,4.28,17.68
2023-09-01,2023,Q3,9,SAPHNELO,US,23.38,4.74,18.64
2023-10-01,2023,Q4,10,SAPHNELO,US,24.91,4.89,20.02
2023-11-01,2023,Q4,11,SAPHNELO,US,25.33,5.0,20.33
2023-12-01,2023,Q4,12,SAPHNELO,US,27.3,5.52,21.78
2023-01-01,2023,Q1,1,SAPHNELO,CN,2.54,0.52,2.02
2023-02-01,2023,Q1,2,SAPHNELO,CN,2.65,0.52,2.13
2023-03-01,2023,Q1,3,SAPHNELO,CN,2.74,0.56,2.18
2023-04-01,2023,Q2,4,SAPHNELO,CN,2.79,0.56,2.23
2023-05-01,2023,Q2,5,SAPHNELO,CN,2.88,0.57,2.31
2023-06-01,2023,Q2,6,SAPHNELO,CN,3.03,0.61,2.42
2023-07-01,2023,Q3,7,SAPHNELO,CN,2.88,0.57,2.31
2023-08-01,2023,Q3,8,SAPHNELO,CN,3.01,0.62,2.39
2023-09-01,2023,Q3,9,SAPHNELO,CN,3.13,0.63,2.5
2023-10-01,2023,Q4,10,SAPHNELO,CN,3.4,0.69,2.71
2023-11-01,2023,Q4,11,SAPHNELO,CN,3.38,0.67,2.71
2023-12-01,2023,Q4,12,SAPHNELO,CN,3.72,0.75,2.97
2024-01-01,2024,Q1,1,SAPHNELO,US,30.8,6.06,24.74
2024-02-01,2024,Q1,2,SAPHNELO,US,31.64,6.19,25.45
2024-03-01,2024,Q1,3,SAPHNELO,US,33.9,6.68,27.22
2024-04-01,2024,Q2,4,SAPHNELO,US,33.79,6.93,26.86
2024-05-01,2024,Q2,5,SAPHNELO,US,34.29,6.89,27.4
2024-06-01,2024,Q2,6,SAPHNELO,US,37.67,7.5,30.17
2024-07-01,2024,Q3,7,SAPHNELO,US,35.16,6.89,28.27
2024-08-01,2024,Q3,8,SAPHNELO,US,36.79,7.28,29.51
2024-09-01,2024,Q3,9,SAPHNELO,US,39.14,7.77,31.37
2024-10-01,2024,Q4,10,SAPHNELO,US,40.62,8.29,32.33
2024-11-01,2024,Q4,11,SAPHNELO,US,41.96,8.39,33.57
2024-12-01,2024,Q4,12,SAPHNELO,US,44.77,9.04,35.73
2024-01-01,2024,Q1,1,SAPHNELO,CN,4.26,0.85,3.41
2024-02-01,2024,Q1,2,SAPHNELO,CN,4.31,0.87,3.44
2024-03-01,2024,Q1,3,SAPHNELO,CN,4.68,0.91,3.77
2024-04-01,2024,Q2,4,SAPHNELO,CN,4.69,0.91,3.78
2024-05-01,2024,Q2,5,SAPHNELO,CN,4.78,0.98,3.8
2024-06-01,2024,Q2,6,SAPHNELO,CN,5.04,1.03,4.01
2024-07-01,2024,Q3,7,SAPHNELO,CN,4.74,0.96,3.78
2024-08-01,2024,Q3,8,SAPHNELO,CN,5.01,1.02,3.99
2024-09-01,2024,Q3,9,SAPHNELO,CN,5.18,1.03,4.15
2024-10-01,2024,Q4,10,SAPHNELO,CN,5.62,1.15,4.47
2024-11-01,2024,Q4,11,SAPHNELO,CN,5.74,1.13,4.61
2024-12-01,2024,Q4,12,SAPHNELO,CN,6.19,1.25,4.94
2025-01-01,2025,Q1,1,SAPHNELO,US,42.51,8.39,34.12
2025-02-01,2025,Q1,2,SAPHNELO,US,44.73,9.2,35.53
2025-03-01,2025,Q1,3,SAPHNELO,US,47.19,9.16,38.03
2025-04-01,2025,Q2,4,SAPHNELO,US,47.53,9.68,37.85
2025-05-01,2025,Q2,5,SAPHNELO,US,49.11,9.92,39.19
2025-06-01,2025,Q2,6,SAPHNELO,US,51.99,10.59,41.4
2025-07-01,2025,Q3,7,SAPHNELO,US,49.25,10.09,39.16
2025-08-01,2025,Q3,8,SAPHNELO,US,50.8,9.92,40.88
2025-09-01,2025,Q3,9,SAPHNELO,US,52.84,10.31,42.53
2025-10-01,2025,Q4,10,SAPHNELO,US,57.28,11.21,46.07
2025-11-01,2025,Q4,11,SAPHNELO,US,57.8,11.35,46.45
2025-12-01,2025,Q4,12,SAPHNELO,US,62.6,12.54,50.06
2025-01-01,2025,Q1,1,SAPHNELO,CN,5.99,1.22,4.77
2025-02-01,2025,Q1,2,SAPHNELO,CN,6.04,1.18,4.86
2025-03-01,2025,Q1,3,SAPHNELO,CN,6.44,1.28,5.16
2025-04-01,2025,Q2,4,SAPHNELO,CN,6.42,1.29,5.13
2025-05-01,2025,Q2,5,SAPHNELO,CN,6.63,1.29,5.34
2025-06-01,2025,Q2,6,SAPHNELO,CN,7.07,1.37,5.7
2025-07-01,2025,Q3,7,SAPHNELO,CN,6.85,1.34,5.51
2025-08-01,2025,Q3,8,SAPHNELO,CN,6.85,1.37,5.48
2025-09-01,2025,Q3,9,SAPHNELO,CN,7.4,1.47,5.93
2025-10-01,2025,Q4,10,SAPHNELO,CN,7.9,1.61,6.29
2025-11-01,2025,Q4,11,SAPHNELO,CN,8.09,1.62,6.47
2025-12-01,2025,Q4,12,SAPHNELO,CN,8.65,1.77,6.88
2023-01-01,2023,Q1,1,TEZSPIRE,US,17.66,3.43,14.23
2023-02-01,2023,Q1,2,TEZSPIRE,US,18.53,3.8,14.73
2023-03-01,2023,Q1,3,TEZSPIRE,US,19.28,3.81,15.47
2023-04-01,2023,Q2,4,TEZSPIRE,US,19.36,3.98,15.38
2023-05-01,2023,Q2,5,TEZSPIRE,US,20.49,4.12,16.37
2023-06-01,2023,Q2,6,TEZSPIRE,US,21.75,4.42,17.33
2023-07-01,2023,Q3,7,TEZSPIRE,US,20.38,4.13,16.25
2023-08-01,2023,Q3,8,TEZSPIRE,US,20.66,4.11,16.55
2023-09-01,2023,Q3,9,TEZSPIRE,US,21.93,4.27,17.66
2023-10-01,2023,Q4,10,TEZSPIRE,US,24.07,4.72,19.35
2023-11-01,2023,Q4,11,TEZSPIRE,US,24.79,4.88,19.91
2023-12-01,2023,Q4,12,TEZSPIRE,US,25.95,5.29,20.66
2023-01-01,2023,Q1,1,TEZSPIRE,CN,3.15,0.62,2.53
2023-02-01,2023,Q1,2,TEZSPIRE,CN,3.32,0.67,2.65
2023-03-01,2023,Q1,3,TEZSPIRE,CN,3.44,0.71,2.73
2023-04-01,2023,Q2,4,TEZSPIRE,CN,3.49,0.69,2.8
2023-05-01,2023,Q2,5,TEZSPIRE,CN,3.51,0.71,2.8
2023-06-01,2023,Q2,6,TEZSPIRE,CN,3.85,0.75,3.1
2023-07-01,2023,Q3,7,TEZSPIRE,CN,3.63,0.72,2.91
2023-08-01,2023,Q3,8,TEZSPIRE,CN,3.71,0.76,2.95
2023-09-01,2023,Q3,9,TEZSPIRE,CN,4.01,0.8,3.21
2023-10-01,2023,Q4,10,TEZSPIRE,CN,4.1,0.81,3.29
2023-11-01,2023,Q4,11,TEZSPIRE,CN,4.3,0.88,3.42
2023-12-01,2023,Q4,12,TEZSPIRE,CN,4.63,0.92,3.71
2024-01-01,2024,Q1,1,TEZSPIRE,US,42.19,8.24,33.95
2024-02-01,2024,Q1,2,TEZSPIRE,US,43.47,8.44,35.03
2024-03-01,2024,Q1,3,TEZSPIRE,US,45.06,8.91,36.15
2024-04-01,2024,Q2,4,TEZSPIRE,US,45.91,9.1,36.81
2024-05-01,2024,Q2,5,TEZSPIRE,US,47.69,9.41,38.28
2024-06-01,2024,Q2,6,TEZSPIRE,US,50.41,9.86,40.55
2024-07-01,2024,Q3,7,TEZSPIRE,US,46.8,9.18,37.62
2024-08-01,2024,Q3,8,TEZSPIRE,US,48.41,9.65,38.76
2024-09-01,2024,Q3,9,TEZSPIRE,US,52.5,10.53,41.97
2024-10-01,2024,Q4,10,TEZSPIRE,US,55.51,11.04,44.47
2024-11-01,2024,Q4,11,TEZSPIRE,US,57.49,11.17,46.32
2024-12-01,2024,Q4,12,TEZSPIRE,US,59.95,11.88,48.07
2024-01-01,2024,Q1,1,TEZSPIRE,CN,7.27,1.44,5.83
2024-02-01,2024,Q1,2,TEZSPIRE,CN,7.65,1.5,6.15
2024-03-01,2024,Q1,3,TEZSPIRE,CN,8.03,1.59,6.44
2024-04-01,2024,Q2,4,TEZSPIRE,CN,8.03,1.61,6.42
2024-05-01,2024,Q2,5,TEZSPIRE,CN,8.25,1.61,6.64
2024-06-01,2024,Q2,6,TEZSPIRE,CN,8.78,1.75,7.03
2024-07-01,2024,Q3,7,TEZSPIRE,CN,8.26,1.64,6.62
2024-08-01,2024,Q3,8,TEZSPIRE,CN,8.8,1.76,7.04
2024-09-01,2024,Q3,9,TEZSPIRE,CN,9.34,1.82,7.52
2024-10-01,2024,Q4,10,TEZSPIRE,CN,9.93,1.96,7.97
2024-11-01,2024,Q4,11,TEZSPIRE,CN,10.08,1.99,8.09
2024-12-01,2024,Q4,12,TEZSPIRE,CN,10.52,2.12,8.4
2025-01-01,2025,Q1,1,TEZSPIRE,US,60.06,12.35,47.71
2025-02-01,2025,Q1,2,TEZSPIRE,US,60.96,11.93,49.03
2025-03-01,2025,Q1,3,TEZSPIRE,US,64.42,12.75,51.67
2025-04-01,2025,Q2,4,TEZSPIRE,US,64.77,13.3,51.47
2025-05-01,2025,Q2,5,TEZSPIRE,US,68.53,13.46,55.07
2025-06-01,2025,Q2,6,TEZSPIRE,US,70.92,14.03,56.89
2025-07-01,2025,Q3,7,TEZSPIRE,US,68.33,14.05,54.28
2025-08-01,2025,Q3,8,TEZSPIRE,US,70.98,14.6,56.38
2025-09-01,2025,Q3,9,TEZSPIRE,US,73.87,14.59,59.28
2025-10-01,2025,Q4,10,TEZSPIRE,US,78.36,15.86,62.5
2025-11-01,2025,Q4,11,TEZSPIRE,US,82.37,16.47,65.9
2025-12-01,2025,Q4,12,TEZSPIRE,US,87.52,17.58,69.94
2025-01-01,2025,Q1,1,TEZSPIRE,CN,10.45,2.12,8.33
2025-02-01,2025,Q1,2,TEZSPIRE,CN,10.84,2.16,8.68
2025-03-01,2025,Q1,3,TEZSPIRE,CN,11.7,2.31,9.39
2025-04-01,2025,Q2,4,TEZSPIRE,CN,11.47,2.32,9.15
2025-05-01,2025,Q2,5,TEZSPIRE,CN,11.7,2.38,9.32
2025-06-01,2025,Q2,6,TEZSPIRE,CN,12.63,2.57,10.06
2025-07-01,2025,Q3,7,TEZSPIRE,CN,12.04,2.39,9.65
2025-08-01,2025,Q3,8,TEZSPIRE,CN,12.4,2.48,9.92
2025-09-01,2025,Q3,9,TEZSPIRE,CN,13.22,2.67,10.55
2025-10-01,2025,Q4,10,TEZSPIRE,CN,13.95,2.75,11.2
2025-11-01,2025,Q4,11,TEZSPIRE,CN,14.62,2.95,11.67
2025-12-01,2025,Q4,12,TEZSPIRE,CN,15.2,3.08,12.12
2023-01-01,2023,Q1,1,ULTOMIRIS,US,175.19,29.85,145.34
2023-02-01,2023,Q1,2,ULTOMIRIS,US,175.55,30.09,145.46
2023-03-01,2023,Q1,3,ULTOMIRIS,US,193.14,32.02,161.12
2023-04-01,2023,Q2,4,ULTOMIRIS,US,188.77,32.61,156.16
2023-05-01,2023,Q2,5,ULTOMIRIS,US,194.06,33.3,160.76
2023-06-01,2023,Q2,6,ULTOMIRIS,US,206.69,34.83,171.86
2023-07-01,2023,Q3,7,ULTOMIRIS,US,200.11,34.32,165.79
2023-08-01,2023,Q3,8,ULTOMIRIS,US,204.51,33.82,170.69
2023-09-01,2023,Q3,9,ULTOMIRIS,US,215.63,37.72,177.91
2023-10-01,2023,Q4,10,ULTOMIRIS,US,230.94,39.68,191.26
2023-11-01,2023,Q4,11,ULTOMIRIS,US,234.1,39.56,194.54
2023-12-01,2023,Q4,12,ULTOMIRIS,US,253.64,43.77,209.87
2023-01-01,2023,Q1,1,ULTOMIRIS,CN,38.72,6.58,32.14
2023-02-01,2023,Q1,2,ULTOMIRIS,CN,39.09,6.58,32.51
2023-03-01,2023,Q1,3,ULTOMIRIS,CN,40.77,6.73,34.04
2023-04-01,2023,Q2,4,ULTOMIRIS,CN,41.07,6.82,34.25
2023-05-01,2023,Q2,5,ULTOMIRIS,CN,42.79,7.24,35.55
2023-06-01,2023,Q2,6,ULTOMIRIS,CN,45.39,7.93,37.46
2023-07-01,2023,Q3,7,ULTOMIRIS,CN,43.34,7.2,36.14
2023-08-01,2023,Q3,8,ULTOMIRIS,CN,44.68,7.8,36.88
2023-09-01,2023,Q3,9,ULTOMIRIS,CN,47.15,7.84,39.31
2023-10-01,2023,Q4,10,ULTOMIRIS,CN,49.89,8.39,41.5
2023-11-01,2023,Q4,11,ULTOMIRIS,CN,52.24,8.86,43.38
2023-12-01,2023,Q4,12,ULTOMIRIS,CN,55.0,9.19,45.81
2024-01-01,2024,Q1,1,ULTOMIRIS,US,224.99,39.36,185.63
2024-02-01,2024,Q1,2,ULTOMIRIS,US,231.95,38.83,193.12
2024-03-01,2024,Q1,3,ULTOMIRIS,US,245.64,40.94,204.7
2024-04-01,2024,Q2,4,ULTOMIRIS,US,247.54,41.22,206.32
2024-05-01,2024,Q2,5,ULTOMIRIS,US,251.45,42.9,208.55
2024-06-01,2024,Q2,6,ULTOMIRIS,US,266.49,46.55,219.94
2024-07-01,2024,Q3,7,ULTOMIRIS,US,259.01,43.32,215.69
2024-08-01,2024,Q3,8,ULTOMIRIS,US,259.77,43.91,215.86
2024-09-01,2024,Q3,9,ULTOMIRIS,US,283.73,47.32,236.41
2024-10-01,2024,Q4,10,ULTOMIRIS,US,298.53,51.18,247.35
2024-11-01,2024,Q4,11,ULTOMIRIS,US,308.22,52.18,256.04
2024-12-01,2024,Q4,12,ULTOMIRIS,US,320.24,52.9,267.34
2024-01-01,2024,Q1,1,ULTOMIRIS,CN,49.65,8.35,41.3
2024-02-01,2024,Q1,2,ULTOMIRIS,CN,50.35,8.54,41.81
2024-03-01,2024,Q1,3,ULTOMIRIS,CN,54.25,9.09,45.16
2024-04-01,2024,Q2,4,ULTOMIRIS,CN,53.67,9.32,44.35
2024-05-01,2024,Q2,5,ULTOMIRIS,CN,56.05,9.54,46.51
2024-06-01,2024,Q2,6,ULTOMIRIS,CN,58.27,9.99,48.28
2024-07-01,2024,Q3,7,ULTOMIRIS,CN,56.73,9.7,47.03
2024-08-01,2024,Q3,8,ULTOMIRIS,CN,58.63,10.03,48.6
2024-09-01,2024,Q3,9,ULTOMIRIS,CN,60.35,10.31,50.04
2024-10-01,2024,Q4,10,ULTOMIRIS,CN,64.11,10.8,53.31
2024-11-01,2024,Q4,11,ULTOMIRIS,CN,68.18,11.83,56.35
2024-12-01,2024,Q4,12,ULTOMIRIS,CN,70.36,12.05,58.31
2025-01-01,2025,Q1,1,ULTOMIRIS,US,257.19,42.77,214.42
2025-02-01,2025,Q1,2,ULTOMIRIS,US,264.1,44.58,219.52
2025-03-01,2025,Q1,3,ULTOMIRIS,US,275.57,45.96,229.61
2025-04-01,2025,Q2,4,ULTOMIRIS,US,278.36,47.71,230.65
2025-05-01,2025,Q2,5,ULTOMIRIS,US,281.01,48.33,232.68
2025-06-01,2025,Q2,6,ULTOMIRIS,US,298.63,51.21,247.42
2025-07-01,2025,Q3,7,ULTOMIRIS,US,284.23,49.77,234.46
2025-08-01,2025,Q3,8,ULTOMIRIS,US,295.34,50.37,244.97
2025-09-01,2025,Q3,9,ULTOMIRIS,US,311.7,52.96,258.74
2025-10-01,2025,Q4,10,ULTOMIRIS,US,337.41,56.12,281.29
2025-11-01,2025,Q4,11,ULTOMIRIS,US,345.44,58.07,287.37
2025-12-01,2025,Q4,12,ULTOMIRIS,US,365.01,61.87,303.14
2025-01-01,2025,Q1,1,ULTOMIRIS,CN,54.76,9.08,45.68
2025-02-01,2025,Q1,2,ULTOMIRIS,CN,57.17,9.45,47.72
2025-03-01,2025,Q1,3,ULTOMIRIS,CN,59.79,10.32,49.47
2025-04-01,2025,Q2,4,ULTOMIRIS,CN,59.94,10.06,49.88
2025-05-01,2025,Q2,5,ULTOMIRIS,CN,63.52,10.65,52.87
2025-06-01,2025,Q2,6,ULTOMIRIS,CN,67.76,11.55,56.21
2025-07-01,2025,Q3,7,ULTOMIRIS,CN,63.37,10.56,52.81
2025-08-01,2025,Q3,8,ULTOMIRIS,CN,65.33,11.08,54.25
2025-09-01,2025,Q3,9,ULTOMIRIS,CN,69.81,12.04,57.77
2025-10-01,2025,Q4,10,ULTOMIRIS,CN,73.25,12.65,60.6
2025-11-01,2025,Q4,11,ULTOMIRIS,CN,76.82,13.1,63.72
2025-12-01,2025,Q4,12,ULTOMIRIS,CN,80.35,13.34,67.01
2023-01-01,2023,Q1,1,SOLIRIS,US,171.9,28.87,143.03
2023-02-01,2023,Q1,2,SOLIRIS,US,182.03,31.87,150.16
2023-03-01,2023,Q1,3,SOLIRIS,US,193.43,32.78,160.65
2023-04-01,2023,Q2,4,SOLIRIS,US,189.45,31.91,157.54
2023-05-01,2023,Q2,5,SOLIRIS,US,198.95,34.46,164.49
2023-06-01,2023,Q2,6,SOLIRIS,US,204.5,34.64,169.86
2023-07-01,2023,Q3,7,SOLIRIS,US,200.14,35.03,165.11
2023-08-01,2023,Q3,8,SOLIRIS,US,204.98,35.42,169.56
2023-09-01,2023,Q3,9,SOLIRIS,US,221.25,37.02,184.23
2023-10-01,2023,Q4,10,SOLIRIS,US,226.48,39.22,187.26
2023-11-01,2023,Q4,11,SOLIRIS,US,240.47,41.1,199.37
2023-12-01,2023,Q4,12,SOLIRIS,US,254.25,42.84,211.41
2023-01-01,2023,Q1,1,SOLIRIS,CN,44.02,7.39,36.63
2023-02-01,2023,Q1,2,SOLIRIS,CN,45.25,7.59,37.66
2023-03-01,2023,Q1,3,SOLIRIS,CN,47.1,8.18,38.92
2023-04-01,2023,Q2,4,SOLIRIS,CN,46.93,8.21,38.72
2023-05-01,2023,Q2,5,SOLIRIS,CN,48.53,8.34,40.19
2023-06-01,2023,Q2,6,SOLIRIS,CN,51.47,8.54,42.93
2023-07-01,2023,Q3,7,SOLIRIS,CN,48.73,8.51,40.22
2023-08-01,2023,Q3,8,SOLIRIS,CN,50.84,8.79,42.05
2023-09-01,2023,Q3,9,SOLIRIS,CN,53.77,9.37,44.4
2023-10-01,2023,Q4,10,SOLIRIS,CN,57.63,10.09,47.54
2023-11-01,2023,Q4,11,SOLIRIS,CN,58.92,10.24,48.68
2023-12-01,2023,Q4,12,SOLIRIS,CN,63.44,10.54,52.9
2024-01-01,2024,Q1,1,SOLIRIS,US,148.58,25.83,122.75
2024-02-01,2024,Q1,2,SOLIRIS,US,149.5,24.79,124.71
2024-03-01,2024,Q1,3,SOLIRIS,US,161.51,27.48,134.03
2024-04-01,2024,Q2,4,SOLIRIS,US,161.84,27.15,134.69
2024-05-01,2024,Q2,5,SOLIRIS,US,166.46,29.04,137.42
2024-06-01,2024,Q2,6,SOLIRIS,US,175.95,29.68,146.27
2024-07-01,2024,Q3,7,SOLIRIS,US,166.33,29.04,137.29
2024-08-01,2024,Q3,8,SOLIRIS,US,172.13,28.96,143.17
2024-09-01,2024,Q3,9,SOLIRIS,US,180.32,29.74,150.58
2024-10-01,2024,Q4,10,SOLIRIS,US,192.36,33.24,159.12
2024-11-01,2024,Q4,11,SOLIRIS,US,198.67,34.25,164.42
2024-12-01,2024,Q4,12,SOLIRIS,US,212.25,36.58,175.67
2024-01-01,2024,Q1,1,SOLIRIS,CN,36.55,6.24,30.31
2024-02-01,2024,Q1,2,SOLIRIS,CN,38.0,6.45,31.55
2024-03-01,2024,Q1,3,SOLIRIS,CN,39.81,6.7,33.11
2024-04-01,2024,Q2,4,SOLIRIS,CN,39.24,6.74,32.5
2024-05-01,2024,Q2,5,SOLIRIS,CN,41.24,6.82,34.42
2024-06-01,2024,Q2,6,SOLIRIS,CN,43.19,7.17,36.02
2024-07-01,2024,Q3,7,SOLIRIS,CN,41.48,7.17,34.31
2024-08-01,2024,Q3,8,SOLIRIS,CN,42.41,7.19,35.22
2024-09-01,2024,Q3,9,SOLIRIS,CN,45.08,7.49,37.59
2024-10-01,2024,Q4,10,SOLIRIS,CN,48.89,8.49,40.4
2024-11-01,2024,Q4,11,SOLIRIS,CN,49.44,8.38,41.06
2024-12-01,2024,Q4,12,SOLIRIS,CN,52.94,8.73,44.21
2025-01-01,2025,Q1,1,SOLIRIS,US,28.68,4.78,23.9
2025-02-01,2025,Q1,2,SOLIRIS,US,28.69,4.85,23.84
2025-03-01,2025,Q1,3,SOLIRIS,US,31.03,5.21,25.82
2025-04-01,2025,Q2,4,SOLIRIS,US,30.27,5.21,25.06
2025-05-01,2025,Q2,5,SOLIRIS,US,31.87,5.33,26.54
2025-06-01,2025,Q2,6,SOLIRIS,US,33.14,5.69,27.45
2025-07-01,2025,Q3,7,SOLIRIS,US,32.55,5.6,26.95
2025-08-01,2025,Q3,8,SOLIRIS,US,32.7,5.39,27.31
2025-09-01,2025,Q3,9,SOLIRIS,US,35.22,5.98,29.24
2025-10-01,2025,Q4,10,SOLIRIS,US,36.75,6.11,30.64
2025-11-01,2025,Q4,11,SOLIRIS,US,38.08,6.37,31.71
2025-12-01,2025,Q4,12,SOLIRIS,US,41.26,7.09,34.17
2025-01-01,2025,Q1,1,SOLIRIS,CN,6.9,1.15,5.75
2025-02-01,2025,Q1,2,SOLIRIS,CN,7.32,1.26,6.06
2025-03-01,2025,Q1,3,SOLIRIS,CN,7.8,1.35,6.45
2025-04-01,2025,Q2,4,SOLIRIS,CN,7.83,1.3,6.53
2025-05-01,2025,Q2,5,SOLIRIS,CN,7.9,1.38,6.52
2025-06-01,2025,Q2,6,SOLIRIS,CN,8.28,1.38,6.9
2025-07-01,2025,Q3,7,SOLIRIS,CN,7.86,1.34,6.52
2025-08-01,2025,Q3,8,SOLIRIS,CN,8.21,1.35,6.86
2025-09-01,2025,Q3,9,SOLIRIS,CN,8.83,1.51,7.32
2025-10-01,2025,Q4,10,SOLIRIS,CN,9.13,1.55,7.58
2025-11-01,2025,Q4,11,SOLIRIS,CN,9.5,1.64,7.86
2025-12-01,2025,Q4,12,SOLIRIS,CN,10.3,1.76,8.54
2023-01-01,2023,Q1,1,STRENSIQ,US,70.81,11.88,58.93
2023-02-01,2023,Q1,2,STRENSIQ,US,73.79,12.23,61.56
2023-03-01,2023,Q1,3,STRENSIQ,US,79.13,13.5,65.63
2023-04-01,2023,Q2,4,STRENSIQ,US,79.46,13.59,65.87
2023-05-01,2023,Q2,5,STRENSIQ,US,79.45,13.59,65.86
2023-06-01,2023,Q2,6,STRENSIQ,US,84.31,14.57,69.74
2023-07-01,2023,Q3,7,STRENSIQ,US,82.42,14.17,68.25
2023-08-01,2023,Q3,8,STRENSIQ,US,84.45,14.66,69.79
2023-09-01,2023,Q3,9,STRENSIQ,US,88.84,15.25,73.59
2023-10-01,2023,Q4,10,STRENSIQ,US,96.41,16.19,80.22
2023-11-01,2023,Q4,11,STRENSIQ,US,96.89,16.49,80.4
2023-12-01,2023,Q4,12,STRENSIQ,US,102.04,17.36,84.68
2023-01-01,2023,Q1,1,STRENSIQ,CN,12.8,2.23,10.57
2023-02-01,2023,Q1,2,STRENSIQ,CN,12.96,2.15,10.81
2023-03-01,2023,Q1,3,STRENSIQ,CN,13.61,2.36,11.25
2023-04-01,2023,Q2,4,STRENSIQ,CN,14.04,2.4,11.64
2023-05-01,2023,Q2,5,STRENSIQ,CN,14.52,2.45,12.07
2023-06-01,2023,Q2,6,STRENSIQ,CN,15.12,2.6,12.52
2023-07-01,2023,Q3,7,STRENSIQ,CN,14.18,2.45,11.73
2023-08-01,2023,Q3,8,STRENSIQ,CN,14.85,2.59,12.26
2023-09-01,2023,Q3,9,STRENSIQ,CN,15.81,2.73,13.08
2023-10-01,2023,Q4,10,STRENSIQ,CN,16.72,2.76,13.96
2023-11-01,2023,Q4,11,STRENSIQ,CN,17.56,2.91,14.65
2023-12-01,2023,Q4,12,STRENSIQ,CN,18.63,3.12,15.51
2024-01-01,2024,Q1,1,STRENSIQ,US,82.23,13.82,68.41
2024-02-01,2024,Q1,2,STRENSIQ,US,84.88,14.44,70.44
2024-03-01,2024,Q1,3,STRENSIQ,US,92.69,15.48,77.21
2024-04-01,2024,Q2,4,STRENSIQ,US,91.42,15.83,75.59
2024-05-01,2024,Q2,5,STRENSIQ,US,94.73,16.14,78.59
2024-06-01,2024,Q2,6,STRENSIQ,US,99.96,16.88,83.08
2024-07-01,2024,Q3,7,STRENSIQ,US,94.88,16.26,78.62
2024-08-01,2024,Q3,8,STRENSIQ,US,98.97,17.16,81.81
2024-09-01,2024,Q3,9,STRENSIQ,US,102.39,17.6,84.79
2024-10-01,2024,Q4,10,STRENSIQ,US,110.59,18.31,92.28
2024-11-01,2024,Q4,11,STRENSIQ,US,114.41,19.68,94.73
2024-12-01,2024,Q4,12,STRENSIQ,US,119.71,20.63,99.08
2024-01-01,2024,Q1,1,STRENSIQ,CN,14.99,2.5,12.49
2024-02-01,2024,Q1,2,STRENSIQ,CN,14.98,2.62,12.36
2024-03-01,2024,Q1,3,STRENSIQ,CN,15.9,2.71,13.19
2024-04-01,2024,Q2,4,STRENSIQ,CN,16.09,2.78,13.31
2024-05-01,2024,Q2,5,STRENSIQ,CN,16.6,2.86,13.74
2024-06-01,2024,Q2,6,STRENSIQ,CN,17.72,2.95,14.77
2024-07-01,2024,Q3,7,STRENSIQ,CN,16.67,2.77,13.9
2024-08-01,2024,Q3,8,STRENSIQ,CN,17.49,3.02,14.47
2024-09-01,2024,Q3,9,STRENSIQ,CN,18.55,3.11,15.44
2024-10-01,2024,Q4,10,STRENSIQ,CN,19.19,3.34,15.85
2024-11-01,2024,Q4,11,STRENSIQ,CN,20.26,3.5,16.76
2024-12-01,2024,Q4,12,STRENSIQ,CN,21.49,3.55,17.94
2025-01-01,2025,Q1,1,STRENSIQ,US,102.98,17.09,85.89
2025-02-01,2025,Q1,2,STRENSIQ,US,103.95,17.75,86.2
2025-03-01,2025,Q1,3,STRENSIQ,US,109.32,18.83,90.49
2025-04-01,2025,Q2,4,STRENSIQ,US,111.92,18.72,93.2
2025-05-01,2025,Q2,5,STRENSIQ,US,114.79,19.52,95.27
2025-06-01,2025,Q2,6,STRENSIQ,US,119.33,19.73,99.6
2025-07-01,2025,Q3,7,STRENSIQ,US,115.39,20.04,95.35
2025-08-01,2025,Q3,8,STRENSIQ,US,118.55,19.84,98.71
2025-09-01,2025,Q3,9,STRENSIQ,US,126.44,21.46,104.98
2025-10-01,2025,Q4,10,STRENSIQ,US,134.45,22.7,111.75
2025-11-01,2025,Q4,11,STRENSIQ,US,137.55,22.89,114.66
2025-12-01,2025,Q4,12,STRENSIQ,US,145.23,25.33,119.9
2025-01-01,2025,Q1,1,STRENSIQ,CN,18.21,3.17,15.04
2025-02-01,2025,Q1,2,STRENSIQ,CN,18.55,3.09,15.46
2025-03-01,2025,Q1,3,STRENSIQ,CN,19.96,3.46,16.5
2025-04-01,2025,Q2,4,STRENSIQ,CN,19.77,3.46,16.31
2025-05-01,2025,Q2,5,STRENSIQ,CN,20.13,3.52,16.61
2025-06-01,2025,Q2,6,STRENSIQ,CN,21.27,3.52,17.75
2025-07-01,2025,Q3,7,STRENSIQ,CN,20.33,3.45,16.88
2025-08-01,2025,Q3,8,STRENSIQ,CN,21.22,3.56,17.66
2025-09-01,2025,Q3,9,STRENSIQ,CN,22.11,3.84,18.27
2025-10-01,2025,Q4,10,STRENSIQ,CN,23.26,3.91,19.35
2025-11-01,2025,Q4,11,STRENSIQ,CN,24.28,4.14,20.14
2025-12-01,2025,Q4,12,STRENSIQ,CN,25.88,4.27,21.61
2023-01-01,2023,Q1,1,BEYFORTUS,US,5.7,1.22,4.48
2023-02-01,2023,Q1,2,BEYFORTUS,US,5.97,1.31,4.66
2023-03-01,2023,Q1,3,BEYFORTUS,US,6.26,1.36,4.9
2023-04-01,2023,Q2,4,BEYFORTUS,US,6.33,1.38,4.95
2023-05-01,2023,Q2,5,BEYFORTUS,US,6.49,1.46,5.03
2023-06-01,2023,Q2,6,BEYFORTUS,US,6.91,1.55,5.36
2023-07-01,2023,Q3,7,BEYFORTUS,US,6.56,1.48,5.08
2023-08-01,2023,Q3,8,BEYFORTUS,US,6.84,1.46,5.38
2023-09-01,2023,Q3,9,BEYFORTUS,US,7.09,1.57,5.52
2023-10-01,2023,Q4,10,BEYFORTUS,US,7.73,1.74,5.99
2023-11-01,2023,Q4,11,BEYFORTUS,US,7.93,1.77,6.16
2023-12-01,2023,Q4,12,BEYFORTUS,US,8.24,1.77,6.47
2023-01-01,2023,Q1,1,BEYFORTUS,CN,1.27,0.29,0.98
2023-02-01,2023,Q1,2,BEYFORTUS,CN,1.29,0.28,1.01
2023-03-01,2023,Q1,3,BEYFORTUS,CN,1.39,0.3,1.09
2023-04-01,2023,Q2,4,BEYFORTUS,CN,1.36,0.29,1.07
2023-05-01,2023,Q2,5,BEYFORTUS,CN,1.45,0.33,1.12
2023-06-01,2023,Q2,6,BEYFORTUS,CN,1.52,0.33,1.19
2023-07-01,2023,Q3,7,BEYFORTUS,CN,1.42,0.31,1.11
2023-08-01,2023,Q3,8,BEYFORTUS,CN,1.51,0.33,1.18
2023-09-01,2023,Q3,9,BEYFORTUS,CN,1.6,0.36,1.24
2023-10-01,2023,Q4,10,BEYFORTUS,CN,1.67,0.36,1.31
2023-11-01,2023,Q4,11,BEYFORTUS,CN,1.74,0.38,1.36
2023-12-01,2023,Q4,12,BEYFORTUS,CN,1.82,0.4,1.42
2024-01-01,2024,Q1,1,BEYFORTUS,US,40.9,8.95,31.95
2024-02-01,2024,Q1,2,BEYFORTUS,US,42.01,9.26,32.75
2024-03-01,2024,Q1,3,BEYFORTUS,US,44.61,10.09,34.52
2024-04-01,2024,Q2,4,BEYFORTUS,US,43.76,9.46,34.3
2024-05-01,2024,Q2,5,BEYFORTUS,US,45.05,9.8,35.25
2024-06-01,2024,Q2,6,BEYFORTUS,US,47.4,10.28,37.12
2024-07-01,2024,Q3,7,BEYFORTUS,US,45.37,9.75,35.62
2024-08-01,2024,Q3,8,BEYFORTUS,US,47.89,10.32,37.57
2024-09-01,2024,Q3,9,BEYFORTUS,US,50.4,11.21,39.19
2024-10-01,2024,Q4,10,BEYFORTUS,US,52.53,11.78,40.75
2024-11-01,2024,Q4,11,BEYFORTUS,US,54.19,12.06,42.13
2024-12-01,2024,Q4,12,BEYFORTUS,US,58.18,12.45,45.73
2024-01-01,2024,Q1,1,BEYFORTUS,CN,8.99,2.01,6.98
2024-02-01,2024,Q1,2,BEYFORTUS,CN,9.08,1.97,7.11
2024-03-01,2024,Q1,3,BEYFORTUS,CN,9.54,2.09,7.45
2024-04-01,2024,Q2,4,BEYFORTUS,CN,9.58,2.15,7.43
2024-05-01,2024,Q2,5,BEYFORTUS,CN,9.92,2.14,7.78
2024-06-01,2024,Q2,6,BEYFORTUS,CN,10.59,2.26,8.33
2024-07-01,2024,Q3,7,BEYFORTUS,CN,10.15,2.28,7.87
2024-08-01,2024,Q3,8,BEYFORTUS,CN,10.3,2.33,7.97
2024-09-01,2024,Q3,9,BEYFORTUS,CN,11.24,2.42,8.82
2024-10-01,2024,Q4,10,BEYFORTUS,CN,11.47,2.57,8.9
2024-11-01,2024,Q4,11,BEYFORTUS,CN,12.01,2.62,9.39
2024-12-01,2024,Q4,12,BEYFORTUS,CN,12.76,2.83,9.93
2025-01-01,2025,Q1,1,BEYFORTUS,US,52.26,11.18,41.08
2025-02-01,2025,Q1,2,BEYFORTUS,US,53.76,11.8,41.96
2025-03-01,2025,Q1,3,BEYFORTUS,US,56.28,12.13,44.15
2025-04-01,2025,Q2,4,BEYFORTUS,US,57.39,12.68,44.71
2025-05-01,2025,Q2,5,BEYFORTUS,US,57.33,12.86,44.47
2025-06-01,2025,Q2,6,BEYFORTUS,US,60.91,13.32,47.59
2025-07-01,2025,Q3,7,BEYFORTUS,US,59.99,12.83,47.16
2025-08-01,2025,Q3,8,BEYFORTUS,US,60.75,13.51,47.24
2025-09-01,2025,Q3,9,BEYFORTUS,US,63.62,13.72,49.9
2025-10-01,2025,Q4,10,BEYFORTUS,US,69.6,15.05,54.55
2025-11-01,2025,Q4,11,BEYFORTUS,US,71.56,15.45,56.11
2025-12-01,2025,Q4,12,BEYFORTUS,US,74.4,16.15,58.25
2025-01-01,2025,Q1,1,BEYFORTUS,CN,11.58,2.55,9.03
2025-02-01,2025,Q1,2,BEYFORTUS,CN,11.54,2.56,8.98
2025-03-01,2025,Q1,3,BEYFORTUS,CN,12.53,2.81,9.72
2025-04-01,2025,Q2,4,BEYFORTUS,CN,12.32,2.76,9.56
2025-05-01,2025,Q2,5,BEYFORTUS,CN,12.73,2.88,9.85
2025-06-01,2025,Q2,6,BEYFORTUS,CN,13.56,3.03,10.53
2025-07-01,2025,Q3,7,BEYFORTUS,CN,12.99,2.83,10.16
2025-08-01,2025,Q3,8,BEYFORTUS,CN,13.13,2.9,10.23
2025-09-01,2025,Q3,9,BEYFORTUS,CN,14.05,3.09,10.96
2025-10-01,2025,Q4,10,BEYFORTUS,CN,14.82,3.34,11.48
2025-11-01,2025,Q4,11,BEYFORTUS,CN,15.32,3.37,11.95
2025-12-01,2025,Q4,12,BEYFORTUS,CN,16.7,3.65,13.05
