period_date,year,quarter,month,sub_unit_id,fte_count,headcount
2023-01-01,2023,Q1,1,COM_US,2758.9,2856
2023-02-01,2023,Q1,2,COM_US,2828.7,2944
2023-03-01,2023,Q1,3,COM_US,2775.9,2986
2023-04-01,2023,Q2,4,COM_US,2785.6,2888
2023-05-01,2023,Q2,5,COM_US,2815.0,3017
2023-06-01,2023,Q2,6,COM_US,2831.7,2993
2023-07-01,2023,Q3,7,COM_US,2798.3,2940
2023-08-01,2023,Q3,8,COM_US,2809.6,2897
2023-09-01,2023,Q3,9,COM_US,2830.8,2981
2023-10-01,2023,Q4,10,COM_US,2826.8,2924
2023-11-01,2023,Q4,11,COM_US,2813.7,2935
2023-12-01,2023,Q4,12,COM_US,2840.8,2939
2024-01-01,2024,Q1,1,COM_US,2937.0,3071
2024-02-01,2024,Q1,2,COM_US,2919.2,3034
2024-03-01,2024,Q1,3,COM_US,2908.8,3111
2024-04-01,2024,Q2,4,COM_US,2937.0,3170
2024-05-01,2024,Q2,5,COM_US,2931.8,3087
2024-06-01,2024,Q2,6,COM_US,2911.8,3127
2024-07-01,2024,Q3,7,COM_US,2941.2,3103
2024-08-01,2024,Q3,8,COM_US,2856.6,3084
2024-09-01,2024,Q3,9,COM_US,2939.0,3003
2024-10-01,2024,Q4,10,COM_US,2909.0,3032
2024-11-01,2024,Q4,11,COM_US,2855.0,3034
2024-12-01,2024,Q4,12,COM_US,2884.3,3015
2025-01-01,2025,Q1,1,COM_US,3010.7,3080
2025-02-01,2025,Q1,2,COM_US,3021.3,3110
2025-03-01,2025,Q1,3,COM_US,3029.4,3207
2025-04-01,2025,Q2,4,COM_US,3035.3,3206
2025-05-01,2025,Q2,5,COM_US,3008.3,3180
2025-06-01,2025,Q2,6,COM_US,2988.7,3087
2025-07-01,2025,Q3,7,COM_US,3040.8,3251
2025-08-01,2025,Q3,8,COM_US,2969.3,3072
2025-09-01,2025,Q3,9,COM_US,3030.9,3164
2025-10-01,2025,Q4,10,COM_US,2978.3,3038
2025-11-01,2025,Q4,11,COM_US,2976.5,3114
2025-12-01,2025,Q4,12,COM_US,3012.3,3093
2026-01-01,2026,Q1,1,COM_US,3090.7,3301
2026-02-01,2026,Q1,2,COM_US,3136.2,3350
2026-03-01,2026,Q1,3,COM_US,3121.4,3222
2026-04-01,2026,Q2,4,COM_US,3073.1,3156
2026-05-01,2026,Q2,5,COM_US,3138.5,3319
2026-06-01,2026,Q2,6,COM_US,3091.1,3170
2026-07-01,2026,Q3,7,COM_US,3148.8,3273
2026-08-01,2026,Q3,8,COM_US,3059.9,3144
2026-09-01,2026,Q3,9,COM_US,3065.1,3300
2026-10-01,2026,Q4,10,COM_US,3070.9,3139
2026-11-01,2026,Q4,11,COM_US,3150.7,3375
2026-12-01,2026,Q4,12,COM_US,3144.8,3231
2023-01-01,2023,Q1,1,COM_CN,1619.6,1681
2023-02-01,2023,Q1,2,COM_CN,1618.0,1726
2023-03-01,2023,Q1,3,COM_CN,1577.6,1631
2023-04-01,2023,Q2,4,COM_CN,1622.4,1743
2023-05-01,2023,Q2,5,COM_CN,1592.6,1675
2023-06-01,2023,Q2,6,COM_CN,1610.0,1663
2023-07-01,2023,Q3,7,COM_CN,1600.8,1675
2023-08-01,2023,Q3,8,COM_CN,1615.6,1706
2023-09-01,2023,Q3,9,COM_CN,1618.5,1707
2023-10-01,2023,Q4,10,COM_CN,1601.2,1705
2023-11-01,2023,Q4,11,COM_CN,1589.0,1689
2023-12-01,2023,Q4,12,COM_CN,1606.6,1670
2024-01-01,2024,Q1,1,COM_CN,1657.3,1700
2024-02-01,2024,Q1,2,COM_CN,1673.8,1761
2024-03-01,2024,Q1,3,COM_CN,1655.3,1773
2024-04-01,2024,Q2,4,COM_CN,1640.5,1724
2024-05-01,2024,Q2,5,COM_CN,1638.0,1762
2024-06-01,2024,Q2,6,COM_CN,1673.5,1765
2024-07-01,2024,Q3,7,COM_CN,1674.3,1717
2024-08-01,2024,Q3,8,COM_CN,1648.2,1767
2024-09-01,2024,Q3,9,COM_CN,1649.3,1728
2024-10-01,2024,Q4,10,COM_CN,1652.0,1737
2024-11-01,2024,Q4,11,COM_CN,1657.3,1762
2024-12-01,2024,Q4,12,COM_CN,1647.9,1714
2025-01-01,2025,Q1,1,COM_CN,1690.4,1729
2025-02-01,2025,Q1,2,COM_CN,1714.6,1808
2025-03-01,2025,Q1,3,COM_CN,1725.7,1848
2025-04-01,2025,Q2,4,COM_CN,1720.2,1841
2025-05-01,2025,Q2,5,COM_CN,1701.7,1786
2025-06-01,2025,Q2,6,COM_CN,1708.2,1811
2025-07-01,2025,Q3,7,COM_CN,1705.7,1824
2025-08-01,2025,Q3,8,COM_CN,1727.4,1815
2025-09-01,2025,Q3,9,COM_CN,1702.7,1812
2025-10-01,2025,Q4,10,COM_CN,1733.7,1856
2025-11-01,2025,Q4,11,COM_CN,1726.2,1813
2025-12-01,2025,Q4,12,COM_CN,1695.3,1755
2026-01-01,2026,Q1,1,COM_CN,1769.0,1835
2026-02-01,2026,Q1,2,COM_CN,1760.0,1830
2026-03-01,2026,Q1,3,COM_CN,1770.9,1896
2026-04-01,2026,Q2,4,COM_CN,1779.0,1853
2026-05-01,2026,Q2,5,COM_CN,1789.1,1889
2026-06-01,2026,Q2,6,COM_CN,1789.9,1926
2026-07-01,2026,Q3,7,COM_CN,1766.9,1837
2026-08-01,2026,Q3,8,COM_CN,1774.5,1901
2026-09-01,2026,Q3,9,COM_CN,1774.4,1885
2026-10-01,2026,Q4,10,COM_CN,1782.7,1866
2026-11-01,2026,Q4,11,COM_CN,1788.6,1856
2026-12-01,2026,Q4,12,COM_CN,1788.2,1872
2023-01-01,2023,Q1,1,COM_MKTG,649.9,682
2023-02-01,2023,Q1,2,COM_MKTG,647.5,694
2023-03-01,2023,Q1,3,COM_MKTG,647.5,694
2023-04-01,2023,Q2,4,COM_MKTG,642.5,663
2023-05-01,2023,Q2,5,COM_MKTG,649.0,695
2023-06-01,2023,Q2,6,COM_MKTG,654.6,699
2023-07-01,2023,Q3,7,COM_MKTG,645.1,681
2023-08-01,2023,Q3,8,COM_MKTG,652.3,666
2023-09-01,2023,Q3,9,COM_MKTG,641.5,665
2023-10-01,2023,Q4,10,COM_MKTG,646.7,673
2023-11-01,2023,Q4,11,COM_MKTG,659.4,694
2023-12-01,2023,Q4,12,COM_MKTG,646.3,685
2024-01-01,2024,Q1,1,COM_MKTG,671.1,720
2024-02-01,2024,Q1,2,COM_MKTG,681.3,729
2024-03-01,2024,Q1,3,COM_MKTG,664.8,695
2024-04-01,2024,Q2,4,COM_MKTG,666.6,702
2024-05-01,2024,Q2,5,COM_MKTG,678.6,719
2024-06-01,2024,Q2,6,COM_MKTG,672.5,692
2024-07-01,2024,Q3,7,COM_MKTG,670.0,692
2024-08-01,2024,Q3,8,COM_MKTG,680.9,732
2024-09-01,2024,Q3,9,COM_MKTG,678.3,709
2024-10-01,2024,Q4,10,COM_MKTG,668.0,710
2024-11-01,2024,Q4,11,COM_MKTG,663.1,688
2024-12-01,2024,Q4,12,COM_MKTG,678.4,729
2025-01-01,2025,Q1,1,COM_MKTG,706.4,741
2025-02-01,2025,Q1,2,COM_MKTG,700.0,730
2025-03-01,2025,Q1,3,COM_MKTG,690.0,706
2025-04-01,2025,Q2,4,COM_MKTG,691.8,720
2025-05-01,2025,Q2,5,COM_MKTG,688.2,727
2025-06-01,2025,Q2,6,COM_MKTG,691.6,726
2025-07-01,2025,Q3,7,COM_MKTG,705.3,754
2025-08-01,2025,Q3,8,COM_MKTG,687.0,712
2025-09-01,2025,Q3,9,COM_MKTG,693.5,730
2025-10-01,2025,Q4,10,COM_MKTG,702.4,731
2025-11-01,2025,Q4,11,COM_MKTG,698.9,726
2025-12-01,2025,Q4,12,COM_MKTG,703.2,756
2026-01-01,2026,Q1,1,COM_MKTG,727.2,783
2026-02-01,2026,Q1,2,COM_MKTG,719.0,757
2026-03-01,2026,Q1,3,COM_MKTG,730.8,754
2026-04-01,2026,Q2,4,COM_MKTG,717.9,774
2026-05-01,2026,Q2,5,COM_MKTG,724.1,768
2026-06-01,2026,Q2,6,COM_MKTG,728.5,761
2026-07-01,2026,Q3,7,COM_MKTG,720.9,759
2026-08-01,2026,Q3,8,COM_MKTG,726.8,756
2026-09-01,2026,Q3,9,COM_MKTG,710.0,766
2026-10-01,2026,Q4,10,COM_MKTG,725.9,744
2026-11-01,2026,Q4,11,COM_MKTG,720.7,767
2026-12-01,2026,Q4,12,COM_MKTG,711.0,733
2023-01-01,2023,Q1,1,COM_ACCESS,399.7,416
2023-02-01,2023,Q1,2,COM_ACCESS,398.0,417
2023-03-01,2023,Q1,3,COM_ACCESS,397.9,409
2023-04-01,2023,Q2,4,COM_ACCESS,401.5,423
2023-05-01,2023,Q2,5,COM_ACCESS,401.0,414
2023-06-01,2023,Q2,6,COM_ACCESS,400.7,430
2023-07-01,2023,Q3,7,COM_ACCESS,403.3,426
2023-08-01,2023,Q3,8,COM_ACCESS,405.6,434
2023-09-01,2023,Q3,9,COM_ACCESS,402.0,420
2023-10-01,2023,Q4,10,COM_ACCESS,400.3,431
2023-11-01,2023,Q4,11,COM_ACCESS,404.6,436
2023-12-01,2023,Q4,12,COM_ACCESS,400.6,424
2024-01-01,2024,Q1,1,COM_ACCESS,408.1,418
2024-02-01,2024,Q1,2,COM_ACCESS,412.4,440
2024-03-01,2024,Q1,3,COM_ACCESS,414.6,437
2024-04-01,2024,Q2,4,COM_ACCESS,408.9,426
2024-05-01,2024,Q2,5,COM_ACCESS,410.3,419
2024-06-01,2024,Q2,6,COM_ACCESS,412.8,422
2024-07-01,2024,Q3,7,COM_ACCESS,415.4,428
2024-08-01,2024,Q3,8,COM_ACCESS,416.2,430
2024-09-01,2024,Q3,9,COM_ACCESS,410.5,432
2024-10-01,2024,Q4,10,COM_ACCESS,410.8,433
2024-11-01,2024,Q4,11,COM_ACCESS,410.1,418
2024-12-01,2024,Q4,12,COM_ACCESS,416.1,430
2025-01-01,2025,Q1,1,COM_ACCESS,429.3,449
2025-02-01,2025,Q1,2,COM_ACCESS,424.2,449
2025-03-01,2025,Q1,3,COM_ACCESS,434.3,457
2025-04-01,2025,Q2,4,COM_ACCESS,430.0,452
2025-05-01,2025,Q2,5,COM_ACCESS,425.7,458
2025-06-01,2025,Q2,6,COM_ACCESS,428.7,456
2025-07-01,2025,Q3,7,COM_ACCESS,427.4,447
2025-08-01,2025,Q3,8,COM_ACCESS,427.3,455
2025-09-01,2025,Q3,9,COM_ACCESS,425.6,455
2025-10-01,2025,Q4,10,COM_ACCESS,423.8,432
2025-11-01,2025,Q4,11,COM_ACCESS,425.1,446
2025-12-01,2025,Q4,12,COM_ACCESS,423.3,439
2026-01-01,2026,Q1,1,COM_ACCESS,446.7,466
2026-02-01,2026,Q1,2,COM_ACCESS,440.7,456
2026-03-01,2026,Q1,3,COM_ACCESS,446.5,466
2026-04-01,2026,Q2,4,COM_ACCESS,440.5,450
2026-05-01,2026,Q2,5,COM_ACCESS,443.0,466
2026-06-01,2026,Q2,6,COM_ACCESS,447.0,476
2026-07-01,2026,Q3,7,COM_ACCESS,447.0,472
2026-08-01,2026,Q3,8,COM_ACCESS,442.6,457
2026-09-01,2026,Q3,9,COM_ACCESS,444.7,470
2026-10-01,2026,Q4,10,COM_ACCESS,443.7,470
2026-11-01,2026,Q4,11,COM_ACCESS,444.1,464
2026-12-01,2026,Q4,12,COM_ACCESS,448.2,464
2023-01-01,2023,Q1,1,RD_ONCO,1803.6,1873
2023-02-01,2023,Q1,2,RD_ONCO,1801.4,1909
2023-03-01,2023,Q1,3,RD_ONCO,1789.5,1927
2023-04-01,2023,Q2,4,RD_ONCO,1793.7,1895
2023-05-01,2023,Q2,5,RD_ONCO,1826.1,1924
2023-06-01,2023,Q2,6,RD_ONCO,1811.0,1874
2023-07-01,2023,Q3,7,RD_ONCO,1816.8,1889
2023-08-01,2023,Q3,8,RD_ONCO,1796.6,1866
2023-09-01,2023,Q3,9,RD_ONCO,1780.8,1882
2023-10-01,2023,Q4,10,RD_ONCO,1773.6,1825
2023-11-01,2023,Q4,11,RD_ONCO,1793.5,1914
2023-12-01,2023,Q4,12,RD_ONCO,1814.0,1942
2024-01-01,2024,Q1,1,RD_ONCO,1887.5,2016
2024-02-01,2024,Q1,2,RD_ONCO,1850.0,1993
2024-03-01,2024,Q1,3,RD_ONCO,1856.8,1940
2024-04-01,2024,Q2,4,RD_ONCO,1890.7,1987
2024-05-01,2024,Q2,5,RD_ONCO,1888.6,1940
2024-06-01,2024,Q2,6,RD_ONCO,1890.2,1948
2024-07-01,2024,Q3,7,RD_ONCO,1842.8,1966
2024-08-01,2024,Q3,8,RD_ONCO,1843.2,1953
2024-09-01,2024,Q3,9,RD_ONCO,1871.4,2018
2024-10-01,2024,Q4,10,RD_ONCO,1871.1,1938
2024-11-01,2024,Q4,11,RD_ONCO,1866.4,1919
2024-12-01,2024,Q4,12,RD_ONCO,1885.5,1948
2025-01-01,2025,Q1,1,RD_ONCO,1911.3,2005
2025-02-01,2025,Q1,2,RD_ONCO,1931.6,2001
2025-03-01,2025,Q1,3,RD_ONCO,1956.0,2074
2025-04-01,2025,Q2,4,RD_ONCO,1903.0,1999
2025-05-01,2025,Q2,5,RD_ONCO,1927.7,2001
2025-06-01,2025,Q2,6,RD_ONCO,1950.4,2050
2025-07-01,2025,Q3,7,RD_ONCO,1918.2,2014
2025-08-01,2025,Q3,8,RD_ONCO,1902.3,1970
2025-09-01,2025,Q3,9,RD_ONCO,1918.4,2024
2025-10-01,2025,Q4,10,RD_ONCO,1939.0,2084
2025-11-01,2025,Q4,11,RD_ONCO,1918.1,2045
2025-12-01,2025,Q4,12,RD_ONCO,1937.6,2052
2026-01-01,2026,Q1,1,RD_ONCO,2005.6,2140
2026-02-01,2026,Q1,2,RD_ONCO,1988.0,2123
2026-03-01,2026,Q1,3,RD_ONCO,1995.8,2102
2026-04-01,2026,Q2,4,RD_ONCO,1965.9,2109
2026-05-01,2026,Q2,5,RD_ONCO,1986.0,2126
2026-06-01,2026,Q2,6,RD_ONCO,1973.6,2059
2026-07-01,2026,Q3,7,RD_ONCO,2010.6,2129
2026-08-01,2026,Q3,8,RD_ONCO,1981.4,2051
2026-09-01,2026,Q3,9,RD_ONCO,2001.8,2067
2026-10-01,2026,Q4,10,RD_ONCO,1990.6,2057
2026-11-01,2026,Q4,11,RD_ONCO,1993.7,2077
2026-12-01,2026,Q4,12,RD_ONCO,1972.2,2125
2023-01-01,2023,Q1,1,RD_BIO,1194.8,1281
2023-02-01,2023,Q1,2,RD_BIO,1210.8,1247
2023-03-01,2023,Q1,3,RD_BIO,1184.2,1218
2023-04-01,2023,Q2,4,RD_BIO,1217.3,1278
2023-05-01,2023,Q2,5,RD_BIO,1198.0,1254
2023-06-01,2023,Q2,6,RD_BIO,1185.6,1235
2023-07-01,2023,Q3,7,RD_BIO,1183.8,1230
2023-08-01,2023,Q3,8,RD_BIO,1204.7,1235
2023-09-01,2023,Q3,9,RD_BIO,1217.0,1266
2023-10-01,2023,Q4,10,RD_BIO,1216.0,1241
2023-11-01,2023,Q4,11,RD_BIO,1194.3,1244
2023-12-01,2023,Q4,12,RD_BIO,1185.6,1225
2024-01-01,2024,Q1,1,RD_BIO,1256.1,1322
2024-02-01,2024,Q1,2,RD_BIO,1225.2,1256
2024-03-01,2024,Q1,3,RD_BIO,1233.2,1271
2024-04-01,2024,Q2,4,RD_BIO,1230.3,1268
2024-05-01,2024,Q2,5,RD_BIO,1244.3,1333
2024-06-01,2024,Q2,6,RD_BIO,1241.1,1297
2024-07-01,2024,Q3,7,RD_BIO,1249.8,1290
2024-08-01,2024,Q3,8,RD_BIO,1255.2,1330
2024-09-01,2024,Q3,9,RD_BIO,1249.1,1277
2024-10-01,2024,Q4,10,RD_BIO,1233.8,1273
2024-11-01,2024,Q4,11,RD_BIO,1243.8,1268
2024-12-01,2024,Q4,12,RD_BIO,1224.9,1321
2025-01-01,2025,Q1,1,RD_BIO,1297.1,1370
2025-02-01,2025,Q1,2,RD_BIO,1269.2,1357
2025-03-01,2025,Q1,3,RD_BIO,1267.9,1320
2025-04-01,2025,Q2,4,RD_BIO,1271.1,1302
2025-05-01,2025,Q2,5,RD_BIO,1276.5,1337
2025-06-01,2025,Q2,6,RD_BIO,1298.5,1385
2025-07-01,2025,Q3,7,RD_BIO,1301.6,1372
2025-08-01,2025,Q3,8,RD_BIO,1295.8,1349
2025-09-01,2025,Q3,9,RD_BIO,1289.3,1340
2025-10-01,2025,Q4,10,RD_BIO,1271.3,1298
2025-11-01,2025,Q4,11,RD_BIO,1273.1,1345
2025-12-01,2025,Q4,12,RD_BIO,1282.7,1382
2026-01-01,2026,Q1,1,RD_BIO,1342.5,1386
2026-02-01,2026,Q1,2,RD_BIO,1346.6,1414
2026-03-01,2026,Q1,3,RD_BIO,1318.2,1369
2026-04-01,2026,Q2,4,RD_BIO,1345.1,1422
2026-05-01,2026,Q2,5,RD_BIO,1329.6,1427
2026-06-01,2026,Q2,6,RD_BIO,1339.2,1375
2026-07-01,2026,Q3,7,RD_BIO,1312.1,1344
2026-08-01,2026,Q3,8,RD_BIO,1334.3,1373
2026-09-01,2026,Q3,9,RD_BIO,1346.0,1384
2026-10-01,2026,Q4,10,RD_BIO,1326.5,1399
2026-11-01,2026,Q4,11,RD_BIO,1322.0,1412
2026-12-01,2026,Q4,12,RD_BIO,1318.5,1381
2023-01-01,2023,Q1,1,RD_CLIN,894.1,935
2023-02-01,2023,Q1,2,RD_CLIN,912.6,939
2023-03-01,2023,Q1,3,RD_CLIN,894.2,916
2023-04-01,2023,Q2,4,RD_CLIN,889.9,922
2023-05-01,2023,Q2,5,RD_CLIN,908.1,936
2023-06-01,2023,Q2,6,RD_CLIN,898.0,934
2023-07-01,2023,Q3,7,RD_CLIN,909.6,937
2023-08-01,2023,Q3,8,RD_CLIN,891.9,914
2023-09-01,2023,Q3,9,RD_CLIN,897.7,934
2023-10-01,2023,Q4,10,RD_CLIN,900.3,940
2023-11-01,2023,Q4,11,RD_CLIN,890.4,932
2023-12-01,2023,Q4,12,RD_CLIN,895.5,921
2024-01-01,2024,Q1,1,RD_CLIN,930.3,956
2024-02-01,2024,Q1,2,RD_CLIN,919.0,950
2024-03-01,2024,Q1,3,RD_CLIN,935.1,980
2024-04-01,2024,Q2,4,RD_CLIN,919.1,962
2024-05-01,2024,Q2,5,RD_CLIN,926.3,945
2024-06-01,2024,Q2,6,RD_CLIN,942.4,981
2024-07-01,2024,Q3,7,RD_CLIN,938.4,1004
2024-08-01,2024,Q3,8,RD_CLIN,936.7,979
2024-09-01,2024,Q3,9,RD_CLIN,931.1,973
2024-10-01,2024,Q4,10,RD_CLIN,917.6,961
2024-11-01,2024,Q4,11,RD_CLIN,919.7,942
2024-12-01,2024,Q4,12,RD_CLIN,922.5,979
2025-01-01,2025,Q1,1,RD_CLIN,952.3,993
2025-02-01,2025,Q1,2,RD_CLIN,974.8,1029
2025-03-01,2025,Q1,3,RD_CLIN,973.1,1049
2025-04-01,2025,Q2,4,RD_CLIN,960.2,1025
2025-05-01,2025,Q2,5,RD_CLIN,966.3,998
2025-06-01,2025,Q2,6,RD_CLIN,969.8,1002
2025-07-01,2025,Q3,7,RD_CLIN,967.9,1008
2025-08-01,2025,Q3,8,RD_CLIN,965.0,1026
2025-09-01,2025,Q3,9,RD_CLIN,969.9,1045
2025-10-01,2025,Q4,10,RD_CLIN,974.8,1018
2025-11-01,2025,Q4,11,RD_CLIN,963.3,985
2025-12-01,2025,Q4,12,RD_CLIN,962.4,998
2026-01-01,2026,Q1,1,RD_CLIN,987.2,1013
2026-02-01,2026,Q1,2,RD_CLIN,998.7,1020
2026-03-01,2026,Q1,3,RD_CLIN,991.0,1034
2026-04-01,2026,Q2,4,RD_CLIN,990.8,1055
2026-05-01,2026,Q2,5,RD_CLIN,1006.4,1064
2026-06-01,2026,Q2,6,RD_CLIN,1003.4,1067
2026-07-01,2026,Q3,7,RD_CLIN,1000.0,1028
2026-08-01,2026,Q3,8,RD_CLIN,983.9,1007
2026-09-01,2026,Q3,9,RD_CLIN,1006.1,1080
2026-10-01,2026,Q4,10,RD_CLIN,992.5,1030
2026-11-01,2026,Q4,11,RD_CLIN,998.0,1064
2026-12-01,2026,Q4,12,RD_CLIN,985.8,1041
2023-01-01,2023,Q1,1,RD_REG,346.7,361
2023-02-01,2023,Q1,2,RD_REG,348.6,360
2023-03-01,2023,Q1,3,RD_REG,355.0,366
2023-04-01,2023,Q2,4,RD_REG,347.3,360
2023-05-01,2023,Q2,5,RD_REG,352.2,367
2023-06-01,2023,Q2,6,RD_REG,347.9,364
2023-07-01,2023,Q3,7,RD_REG,353.9,361
2023-08-01,2023,Q3,8,RD_REG,353.4,379
2023-09-01,2023,Q3,9,RD_REG,346.0,368
2023-10-01,2023,Q4,10,RD_REG,347.5,363
2023-11-01,2023,Q4,11,RD_REG,349.5,369
2023-12-01,2023,Q4,12,RD_REG,346.3,369
2024-01-01,2024,Q1,1,RD_REG,356.9,384
2024-02-01,2024,Q1,2,RD_REG,359.7,368
2024-03-01,2024,Q1,3,RD_REG,365.7,380
2024-04-01,2024,Q2,4,RD_REG,364.4,385
2024-05-01,2024,Q2,5,RD_REG,362.8,384
2024-06-01,2024,Q2,6,RD_REG,365.6,391
2024-07-01,2024,Q3,7,RD_REG,366.8,387
2024-08-01,2024,Q3,8,RD_REG,363.0,380
2024-09-01,2024,Q3,9,RD_REG,361.7,387
2024-10-01,2024,Q4,10,RD_REG,362.7,378
2024-11-01,2024,Q4,11,RD_REG,358.0,373
2024-12-01,2024,Q4,12,RD_REG,361.6,369
2025-01-01,2025,Q1,1,RD_REG,376.1,394
2025-02-01,2025,Q1,2,RD_REG,377.6,407
2025-03-01,2025,Q1,3,RD_REG,378.0,390
2025-04-01,2025,Q2,4,RD_REG,377.9,387
2025-05-01,2025,Q2,5,RD_REG,369.9,385
2025-06-01,2025,Q2,6,RD_REG,373.4,399
2025-07-01,2025,Q3,7,RD_REG,370.2,386
2025-08-01,2025,Q3,8,RD_REG,378.0,389
2025-09-01,2025,Q3,9,RD_REG,377.4,386
2025-10-01,2025,Q4,10,RD_REG,375.9,405
2025-11-01,2025,Q4,11,RD_REG,373.5,395
2025-12-01,2025,Q4,12,RD_REG,369.6,390
2026-01-01,2026,Q1,1,RD_REG,391.7,416
2026-02-01,2026,Q1,2,RD_REG,382.7,398
2026-03-01,2026,Q1,3,RD_REG,390.6,413
2026-04-01,2026,Q2,4,RD_REG,393.0,421
2026-05-01,2026,Q2,5,RD_REG,391.9,422
2026-06-01,2026,Q2,6,RD_REG,386.1,398
2026-07-01,2026,Q3,7,RD_REG,392.0,410
2026-08-01,2026,Q3,8,RD_REG,390.0,417
2026-09-01,2026,Q3,9,RD_REG,393.8,422
2026-10-01,2026,Q4,10,RD_REG,382.3,395
2026-11-01,2026,Q4,11,RD_REG,384.3,392
2026-12-01,2026,Q4,12,RD_REG,388.5,411
2023-01-01,2023,Q1,1,OPS_US,1396.9,1479
2023-02-01,2023,Q1,2,OPS_US,1409.3,1475
2023-03-01,2023,Q1,3,OPS_US,1403.4,1500
2023-04-01,2023,Q2,4,OPS_US,1396.2,1487
2023-05-01,2023,Q2,5,OPS_US,1420.1,1519
2023-06-01,2023,Q2,6,OPS_US,1406.6,1501
2023-07-01,2023,Q3,7,OPS_US,1413.4,1447
2023-08-01,2023,Q3,8,OPS_US,1402.6,1473
2023-09-01,2023,Q3,9,OPS_US,1415.3,1506
2023-10-01,2023,Q4,10,OPS_US,1380.1,1457
2023-11-01,2023,Q4,11,OPS_US,1418.5,1465
2023-12-01,2023,Q4,12,OPS_US,1414.2,1492
2024-01-01,2024,Q1,1,OPS_US,1430.2,1482
2024-02-01,2024,Q1,2,OPS_US,1452.1,1552
2024-03-01,2024,Q1,3,OPS_US,1430.2,1498
2024-04-01,2024,Q2,4,OPS_US,1429.4,1474
2024-05-01,2024,Q2,5,OPS_US,1433.2,1521
2024-06-01,2024,Q2,6,OPS_US,1456.2,1531
2024-07-01,2024,Q3,7,OPS_US,1442.3,1544
2024-08-01,2024,Q3,8,OPS_US,1456.3,1545
2024-09-01,2024,Q3,9,OPS_US,1447.3,1547
2024-10-01,2024,Q4,10,OPS_US,1464.3,1562
2024-11-01,2024,Q4,11,OPS_US,1430.9,1517
2024-12-01,2024,Q4,12,OPS_US,1447.4,1536
2025-01-01,2025,Q1,1,OPS_US,1500.0,1609
2025-02-01,2025,Q1,2,OPS_US,1481.7,1561
2025-03-01,2025,Q1,3,OPS_US,1496.4,1585
2025-04-01,2025,Q2,4,OPS_US,1510.3,1622
2025-05-01,2025,Q2,5,OPS_US,1491.0,1523
2025-06-01,2025,Q2,6,OPS_US,1499.3,1547
2025-07-01,2025,Q3,7,OPS_US,1491.5,1574
2025-08-01,2025,Q3,8,OPS_US,1494.8,1596
2025-09-01,2025,Q3,9,OPS_US,1508.1,1627
2025-10-01,2025,Q4,10,OPS_US,1514.0,1557
2025-11-01,2025,Q4,11,OPS_US,1493.2,1596
2025-12-01,2025,Q4,12,OPS_US,1515.2,1633
2026-01-01,2026,Q1,1,OPS_US,1546.1,1599
2026-02-01,2026,Q1,2,OPS_US,1572.1,1682
2026-03-01,2026,Q1,3,OPS_US,1572.4,1666
2026-04-01,2026,Q2,4,OPS_US,1566.0,1665
2026-05-01,2026,Q2,5,OPS_US,1565.4,1653
2026-06-01,2026,Q2,6,OPS_US,1545.3,1580
2026-07-01,2026,Q3,7,OPS_US,1545.5,1615
2026-08-01,2026,Q3,8,OPS_US,1563.7,1677
2026-09-01,2026,Q3,9,OPS_US,1562.6,1632
2026-10-01,2026,Q4,10,OPS_US,1550.9,1615
2026-11-01,2026,Q4,11,OPS_US,1534.5,1577
2026-12-01,2026,Q4,12,OPS_US,1534.2,1631
2023-01-01,2023,Q1,1,OPS_CN,943.2,987
2023-02-01,2023,Q1,2,OPS_CN,963.7,1011
2023-03-01,2023,Q1,3,OPS_CN,953.1,993
2023-04-01,2023,Q2,4,OPS_CN,963.8,1036
2023-05-01,2023,Q2,5,OPS_CN,954.8,1028
2023-06-01,2023,Q2,6,OPS_CN,954.4,991
2023-07-01,2023,Q3,7,OPS_CN,951.1,991
2023-08-01,2023,Q3,8,OPS_CN,953.0,1005
2023-09-01,2023,Q3,9,OPS_CN,957.2,986
2023-10-01,2023,Q4,10,OPS_CN,939.9,960
2023-11-01,2023,Q4,11,OPS_CN,938.0,968
2023-12-01,2023,Q4,12,OPS_CN,955.6,1025
2024-01-01,2024,Q1,1,OPS_CN,981.1,1034
2024-02-01,2024,Q1,2,OPS_CN,972.9,1039
2024-03-01,2024,Q1,3,OPS_CN,971.8,996
2024-04-01,2024,Q2,4,OPS_CN,980.9,1034
2024-05-01,2024,Q2,5,OPS_CN,974.1,1015
2024-06-01,2024,Q2,6,OPS_CN,988.5,1020
2024-07-01,2024,Q3,7,OPS_CN,970.8,1034
2024-08-01,2024,Q3,8,OPS_CN,982.6,1015
2024-09-01,2024,Q3,9,OPS_CN,978.0,1020
2024-10-01,2024,Q4,10,OPS_CN,972.4,1038
2024-11-01,2024,Q4,11,OPS_CN,989.8,1037
2024-12-01,2024,Q4,12,OPS_CN,975.3,1014
2025-01-01,2025,Q1,1,OPS_CN,1012.5,1058
2025-02-01,2025,Q1,2,OPS_CN,1007.6,1035
2025-03-01,2025,Q1,3,OPS_CN,1023.0,1091
2025-04-01,2025,Q2,4,OPS_CN,1031.6,1067
2025-05-01,2025,Q2,5,OPS_CN,1017.8,1045
2025-06-01,2025,Q2,6,OPS_CN,1019.5,1064
2025-07-01,2025,Q3,7,OPS_CN,1028.5,1085
2025-08-01,2025,Q3,8,OPS_CN,1011.3,1053
2025-09-01,2025,Q3,9,OPS_CN,1016.2,1071
2025-10-01,2025,Q4,10,OPS_CN,1007.4,1035
2025-11-01,2025,Q4,11,OPS_CN,1020.1,1045
2025-12-01,2025,Q4,12,OPS_CN,1022.1,1073
2026-01-01,2026,Q1,1,OPS_CN,1048.1,1127
2026-02-01,2026,Q1,2,OPS_CN,1062.5,1119
2026-03-01,2026,Q1,3,OPS_CN,1046.2,1112
2026-04-01,2026,Q2,4,OPS_CN,1064.2,1109
2026-05-01,2026,Q2,5,OPS_CN,1061.4,1123
2026-06-01,2026,Q2,6,OPS_CN,1047.5,1129
2026-07-01,2026,Q3,7,OPS_CN,1059.4,1112
2026-08-01,2026,Q3,8,OPS_CN,1052.7,1127
2026-09-01,2026,Q3,9,OPS_CN,1040.0,1079
2026-10-01,2026,Q4,10,OPS_CN,1039.8,1068
2026-11-01,2026,Q4,11,OPS_CN,1047.0,1086
2026-12-01,2026,Q4,12,OPS_CN,1047.6,1090
2023-01-01,2023,Q1,1,OPS_SC,700.1,743
2023-02-01,2023,Q1,2,OPS_SC,690.9,718
2023-03-01,2023,Q1,3,OPS_SC,696.9,746
2023-04-01,2023,Q2,4,OPS_SC,692.5,746
2023-05-01,2023,Q2,5,OPS_SC,692.8,732
2023-06-01,2023,Q2,6,OPS_SC,700.3,745
2023-07-01,2023,Q3,7,OPS_SC,693.4,731
2023-08-01,2023,Q3,8,OPS_SC,707.4,740
2023-09-01,2023,Q3,9,OPS_SC,696.9,728
2023-10-01,2023,Q4,10,OPS_SC,708.0,733
2023-11-01,2023,Q4,11,OPS_SC,693.7,711
2023-12-01,2023,Q4,12,OPS_SC,700.8,752
2024-01-01,2024,Q1,1,OPS_SC,730.8,788
2024-02-01,2024,Q1,2,OPS_SC,731.2,769
2024-03-01,2024,Q1,3,OPS_SC,720.7,752
2024-04-01,2024,Q2,4,OPS_SC,730.1,754
2024-05-01,2024,Q2,5,OPS_SC,733.7,776
2024-06-01,2024,Q2,6,OPS_SC,719.6,768
2024-07-01,2024,Q3,7,OPS_SC,714.9,759
2024-08-01,2024,Q3,8,OPS_SC,714.0,734
2024-09-01,2024,Q3,9,OPS_SC,724.2,771
2024-10-01,2024,Q4,10,OPS_SC,723.9,765
2024-11-01,2024,Q4,11,OPS_SC,721.2,772
2024-12-01,2024,Q4,12,OPS_SC,716.9,770
2025-01-01,2025,Q1,1,OPS_SC,738.6,791
2025-02-01,2025,Q1,2,OPS_SC,756.6,794
2025-03-01,2025,Q1,3,OPS_SC,758.3,801
2025-04-01,2025,Q2,4,OPS_SC,752.4,809
2025-05-01,2025,Q2,5,OPS_SC,753.0,777
2025-06-01,2025,Q2,6,OPS_SC,742.1,794
2025-07-01,2025,Q3,7,OPS_SC,752.7,778
2025-08-01,2025,Q3,8,OPS_SC,748.7,806
2025-09-01,2025,Q3,9,OPS_SC,743.3,771
2025-10-01,2025,Q4,10,OPS_SC,749.9,793
2025-11-01,2025,Q4,11,OPS_SC,740.9,770
2025-12-01,2025,Q4,12,OPS_SC,749.8,803
2026-01-01,2026,Q1,1,OPS_SC,771.4,803
2026-02-01,2026,Q1,2,OPS_SC,765.7,785
2026-03-01,2026,Q1,3,OPS_SC,787.2,822
2026-04-01,2026,Q2,4,OPS_SC,784.1,841
2026-05-01,2026,Q2,5,OPS_SC,768.2,792
2026-06-01,2026,Q2,6,OPS_SC,783.8,815
2026-07-01,2026,Q3,7,OPS_SC,772.0,806
2026-08-01,2026,Q3,8,OPS_SC,768.2,825
2026-09-01,2026,Q3,9,OPS_SC,786.8,841
2026-10-01,2026,Q4,10,OPS_SC,772.4,799
2026-11-01,2026,Q4,11,OPS_SC,773.5,821
2026-12-01,2026,Q4,12,OPS_SC,768.4,814
2023-01-01,2023,Q1,1,OPS_QA,450.9,460
2023-02-01,2023,Q1,2,OPS_QA,454.5,465
2023-03-01,2023,Q1,3,OPS_QA,449.3,476
2023-04-01,2023,Q2,4,OPS_QA,446.3,465
2023-05-01,2023,Q2,5,OPS_QA,455.6,489
2023-06-01,2023,Q2,6,OPS_QA,454.1,488
2023-07-01,2023,Q3,7,OPS_QA,454.5,470
2023-08-01,2023,Q3,8,OPS_QA,452.5,481
2023-09-01,2023,Q3,9,OPS_QA,443.9,454
2023-10-01,2023,Q4,10,OPS_QA,453.9,488
2023-11-01,2023,Q4,11,OPS_QA,450.3,485
2023-12-01,2023,Q4,12,OPS_QA,443.9,468
2024-01-01,2024,Q1,1,OPS_QA,469.6,482
2024-02-01,2024,Q1,2,OPS_QA,461.4,474
2024-03-01,2024,Q1,3,OPS_QA,462.4,492
2024-04-01,2024,Q2,4,OPS_QA,460.0,474
2024-05-01,2024,Q2,5,OPS_QA,471.5,485
2024-06-01,2024,Q2,6,OPS_QA,467.6,490
2024-07-01,2024,Q3,7,OPS_QA,464.3,484
2024-08-01,2024,Q3,8,OPS_QA,459.3,485
2024-09-01,2024,Q3,9,OPS_QA,464.9,492
2024-10-01,2024,Q4,10,OPS_QA,460.0,489
2024-11-01,2024,Q4,11,OPS_QA,471.4,488
2024-12-01,2024,Q4,12,OPS_QA,461.4,489
2025-01-01,2025,Q1,1,OPS_QA,481.1,501
2025-02-01,2025,Q1,2,OPS_QA,486.4,500
2025-03-01,2025,Q1,3,OPS_QA,479.7,516
2025-04-01,2025,Q2,4,OPS_QA,486.4,498
2025-05-01,2025,Q2,5,OPS_QA,487.9,518
2025-06-01,2025,Q2,6,OPS_QA,487.5,513
2025-07-01,2025,Q3,7,OPS_QA,481.2,508
2025-08-01,2025,Q3,8,OPS_QA,484.5,515
2025-09-01,2025,Q3,9,OPS_QA,482.8,508
2025-10-01,2025,Q4,10,OPS_QA,485.0,499
2025-11-01,2025,Q4,11,OPS_QA,486.4,513
2025-12-01,2025,Q4,12,OPS_QA,477.3,510
2026-01-01,2026,Q1,1,OPS_QA,504.4,533
2026-02-01,2026,Q1,2,OPS_QA,493.0,511
2026-03-01,2026,Q1,3,OPS_QA,500.0,537
2026-04-01,2026,Q2,4,OPS_QA,495.5,508
2026-05-01,2026,Q2,5,OPS_QA,493.1,503
2026-06-01,2026,Q2,6,OPS_QA,492.7,526
2026-07-01,2026,Q3,7,OPS_QA,505.8,536
2026-08-01,2026,Q3,8,OPS_QA,497.4,524
2026-09-01,2026,Q3,9,OPS_QA,494.3,507
2026-10-01,2026,Q4,10,OPS_QA,504.2,526
2026-11-01,2026,Q4,11,OPS_QA,493.7,530
2026-12-01,2026,Q4,12,OPS_QA,503.8,538
2023-01-01,2023,Q1,1,FIN_FPA,276.1,289
2023-02-01,2023,Q1,2,FIN_FPA,283.3,291
2023-03-01,2023,Q1,3,FIN_FPA,281.0,295
2023-04-01,2023,Q2,4,FIN_FPA,278.3,288
2023-05-01,2023,Q2,5,FIN_FPA,281.0,295
2023-06-01,2023,Q2,6,FIN_FPA,283.9,296
2023-07-01,2023,Q3,7,FIN_FPA,278.9,289
2023-08-01,2023,Q3,8,FIN_FPA,276.4,290
2023-09-01,2023,Q3,9,FIN_FPA,279.7,301
2023-10-01,2023,Q4,10,FIN_FPA,280.8,290
2023-11-01,2023,Q4,11,FIN_FPA,279.0,299
2023-12-01,2023,Q4,12,FIN_FPA,278.5,294
2024-01-01,2024,Q1,1,FIN_FPA,286.3,299
2024-02-01,2024,Q1,2,FIN_FPA,293.8,311
2024-03-01,2024,Q1,3,FIN_FPA,290.5,313
2024-04-01,2024,Q2,4,FIN_FPA,293.9,303
2024-05-01,2024,Q2,5,FIN_FPA,286.8,294
2024-06-01,2024,Q2,6,FIN_FPA,291.1,312
2024-07-01,2024,Q3,7,FIN_FPA,286.3,293
2024-08-01,2024,Q3,8,FIN_FPA,288.2,296
2024-09-01,2024,Q3,9,FIN_FPA,286.3,298
2024-10-01,2024,Q4,10,FIN_FPA,293.1,312
2024-11-01,2024,Q4,11,FIN_FPA,293.2,303
2024-12-01,2024,Q4,12,FIN_FPA,287.0,297
2025-01-01,2025,Q1,1,FIN_FPA,301.9,308
2025-02-01,2025,Q1,2,FIN_FPA,296.6,318
2025-03-01,2025,Q1,3,FIN_FPA,303.3,326
2025-04-01,2025,Q2,4,FIN_FPA,299.0,321
2025-05-01,2025,Q2,5,FIN_FPA,299.7,307
2025-06-01,2025,Q2,6,FIN_FPA,297.6,317
2025-07-01,2025,Q3,7,FIN_FPA,295.5,303
2025-08-01,2025,Q3,8,FIN_FPA,297.7,318
2025-09-01,2025,Q3,9,FIN_FPA,302.3,312
2025-10-01,2025,Q4,10,FIN_FPA,297.6,311
2025-11-01,2025,Q4,11,FIN_FPA,302.6,323
2025-12-01,2025,Q4,12,FIN_FPA,299.7,306
2026-01-01,2026,Q1,1,FIN_FPA,313.0,330
2026-02-01,2026,Q1,2,FIN_FPA,312.6,331
2026-03-01,2026,Q1,3,FIN_FPA,311.7,330
2026-04-01,2026,Q2,4,FIN_FPA,311.3,327
2026-05-01,2026,Q2,5,FIN_FPA,311.7,334
2026-06-01,2026,Q2,6,FIN_FPA,309.8,323
2026-07-01,2026,Q3,7,FIN_FPA,310.2,317
2026-08-01,2026,Q3,8,FIN_FPA,310.8,333
2026-09-01,2026,Q3,9,FIN_FPA,313.8,329
2026-10-01,2026,Q4,10,FIN_FPA,307.0,313
2026-11-01,2026,Q4,11,FIN_FPA,311.8,321
2026-12-01,2026,Q4,12,FIN_FPA,308.5,327
2023-01-01,2023,Q1,1,FIN_TREAS,177.4,189
2023-02-01,2023,Q1,2,FIN_TREAS,181.1,194
2023-03-01,2023,Q1,3,FIN_TREAS,179.3,183
2023-04-01,2023,Q2,4,FIN_TREAS,181.0,193
2023-05-01,2023,Q2,5,FIN_TREAS,181.4,192
2023-06-01,2023,Q2,6,FIN_TREAS,180.0,193
2023-07-01,2023,Q3,7,FIN_TREAS,178.8,187
2023-08-01,2023,Q3,8,FIN_TREAS,182.6,190
2023-09-01,2023,Q3,9,FIN_TREAS,178.3,185
2023-10-01,2023,Q4,10,FIN_TREAS,182.1,190
2023-11-01,2023,Q4,11,FIN_TREAS,181.7,196
2023-12-01,2023,Q4,12,FIN_TREAS,180.5,186
2024-01-01,2024,Q1,1,FIN_TREAS,184.5,199
2024-02-01,2024,Q1,2,FIN_TREAS,185.9,197
2024-03-01,2024,Q1,3,FIN_TREAS,187.7,199
2024-04-01,2024,Q2,4,FIN_TREAS,186.8,194
2024-05-01,2024,Q2,5,FIN_TREAS,184.5,194
2024-06-01,2024,Q2,6,FIN_TREAS,184.1,193
2024-07-01,2024,Q3,7,FIN_TREAS,187.9,197
2024-08-01,2024,Q3,8,FIN_TREAS,184.6,192
2024-09-01,2024,Q3,9,FIN_TREAS,184.6,195
2024-10-01,2024,Q4,10,FIN_TREAS,184.4,197
2024-11-01,2024,Q4,11,FIN_TREAS,186.6,195
2024-12-01,2024,Q4,12,FIN_TREAS,183.6,197
2025-01-01,2025,Q1,1,FIN_TREAS,194.2,198
2025-02-01,2025,Q1,2,FIN_TREAS,191.0,204
2025-03-01,2025,Q1,3,FIN_TREAS,192.0,206
2025-04-01,2025,Q2,4,FIN_TREAS,194.4,200
2025-05-01,2025,Q2,5,FIN_TREAS,192.9,203
2025-06-01,2025,Q2,6,FIN_TREAS,193.3,197
2025-07-01,2025,Q3,7,FIN_TREAS,190.4,199
2025-08-01,2025,Q3,8,FIN_TREAS,193.3,199
2025-09-01,2025,Q3,9,FIN_TREAS,190.4,196
2025-10-01,2025,Q4,10,FIN_TREAS,191.4,203
2025-11-01,2025,Q4,11,FIN_TREAS,194.1,202
2025-12-01,2025,Q4,12,FIN_TREAS,194.6,209
2026-01-01,2026,Q1,1,FIN_TREAS,202.5,206
2026-02-01,2026,Q1,2,FIN_TREAS,199.4,203
2026-03-01,2026,Q1,3,FIN_TREAS,199.9,214
2026-04-01,2026,Q2,4,FIN_TREAS,202.0,212
2026-05-01,2026,Q2,5,FIN_TREAS,200.5,211
2026-06-01,2026,Q2,6,FIN_TREAS,201.3,210
2026-07-01,2026,Q3,7,FIN_TREAS,201.3,210
2026-08-01,2026,Q3,8,FIN_TREAS,199.6,212
2026-09-01,2026,Q3,9,FIN_TREAS,199.1,212
2026-10-01,2026,Q4,10,FIN_TREAS,198.0,213
2026-11-01,2026,Q4,11,FIN_TREAS,201.4,216
2026-12-01,2026,Q4,12,FIN_TREAS,198.7,209
2023-01-01,2023,Q1,1,FIN_ACCT,222.1,233
2023-02-01,2023,Q1,2,FIN_ACCT,221.6,229
2023-03-01,2023,Q1,3,FIN_ACCT,217.8,233
2023-04-01,2023,Q2,4,FIN_ACCT,220.5,229
2023-05-01,2023,Q2,5,FIN_ACCT,218.0,233
2023-06-01,2023,Q2,6,FIN_ACCT,217.9,222
2023-07-01,2023,Q3,7,FIN_ACCT,218.9,224
2023-08-01,2023,Q3,8,FIN_ACCT,218.6,230
2023-09-01,2023,Q3,9,FIN_ACCT,218.1,231
2023-10-01,2023,Q4,10,FIN_ACCT,217.4,231
2023-11-01,2023,Q4,11,FIN_ACCT,222.8,228
2023-12-01,2023,Q4,12,FIN_ACCT,220.6,231
2024-01-01,2024,Q1,1,FIN_ACCT,226.6,240
2024-02-01,2024,Q1,2,FIN_ACCT,231.0,246
2024-03-01,2024,Q1,3,FIN_ACCT,227.2,237
2024-04-01,2024,Q2,4,FIN_ACCT,226.7,239
2024-05-01,2024,Q2,5,FIN_ACCT,230.7,239
2024-06-01,2024,Q2,6,FIN_ACCT,224.5,229
2024-07-01,2024,Q3,7,FIN_ACCT,225.9,242
2024-08-01,2024,Q3,8,FIN_ACCT,230.5,237
2024-09-01,2024,Q3,9,FIN_ACCT,226.1,236
2024-10-01,2024,Q4,10,FIN_ACCT,229.1,245
2024-11-01,2024,Q4,11,FIN_ACCT,229.7,240
2024-12-01,2024,Q4,12,FIN_ACCT,230.8,235
2025-01-01,2025,Q1,1,FIN_ACCT,237.1,254
2025-02-01,2025,Q1,2,FIN_ACCT,238.0,245
2025-03-01,2025,Q1,3,FIN_ACCT,236.6,249
2025-04-01,2025,Q2,4,FIN_ACCT,233.1,238
2025-05-01,2025,Q2,5,FIN_ACCT,232.6,248
2025-06-01,2025,Q2,6,FIN_ACCT,235.9,249
2025-07-01,2025,Q3,7,FIN_ACCT,237.3,252
2025-08-01,2025,Q3,8,FIN_ACCT,234.6,251
2025-09-01,2025,Q3,9,FIN_ACCT,236.9,252
2025-10-01,2025,Q4,10,FIN_ACCT,238.2,247
2025-11-01,2025,Q4,11,FIN_ACCT,233.1,249
2025-12-01,2025,Q4,12,FIN_ACCT,232.6,239
2026-01-01,2026,Q1,1,FIN_ACCT,245.7,264
2026-02-01,2026,Q1,2,FIN_ACCT,243.4,259
2026-03-01,2026,Q1,3,FIN_ACCT,243.9,260
2026-04-01,2026,Q2,4,FIN_ACCT,240.8,250
2026-05-01,2026,Q2,5,FIN_ACCT,246.4,254
2026-06-01,2026,Q2,6,FIN_ACCT,247.5,254
2026-07-01,2026,Q3,7,FIN_ACCT,240.4,252
2026-08-01,2026,Q3,8,FIN_ACCT,243.2,262
2026-09-01,2026,Q3,9,FIN_ACCT,240.7,251
2026-10-01,2026,Q4,10,FIN_ACCT,245.9,262
2026-11-01,2026,Q4,11,FIN_ACCT,244.5,253
2026-12-01,2026,Q4,12,FIN_ACCT,246.3,251
2023-01-01,2023,Q1,1,FIN_AUDIT,121.1,127
2023-02-01,2023,Q1,2,FIN_AUDIT,120.0,122
2023-03-01,2023,Q1,3,FIN_AUDIT,120.7,125
2023-04-01,2023,Q2,4,FIN_AUDIT,121.6,129
2023-05-01,2023,Q2,5,FIN_AUDIT,120.6,129
2023-06-01,2023,Q2,6,FIN_AUDIT,118.7,124
2023-07-01,2023,Q3,7,FIN_AUDIT,119.3,126
2023-08-01,2023,Q3,8,FIN_AUDIT,118.3,121
2023-09-01,2023,Q3,9,FIN_AUDIT,118.4,124
2023-10-01,2023,Q4,10,FIN_AUDIT,121.7,124
2023-11-01,2023,Q4,11,FIN_AUDIT,120.5,126
2023-12-01,2023,Q4,12,FIN_AUDIT,119.8,127
2024-01-01,2024,Q1,1,FIN_AUDIT,123.1,131
2024-02-01,2024,Q1,2,FIN_AUDIT,123.4,130
2024-03-01,2024,Q1,3,FIN_AUDIT,124.1,133
2024-04-01,2024,Q2,4,FIN_AUDIT,122.4,129
2024-05-01,2024,Q2,5,FIN_AUDIT,125.9,130
2024-06-01,2024,Q2,6,FIN_AUDIT,124.7,132
2024-07-01,2024,Q3,7,FIN_AUDIT,123.3,131
2024-08-01,2024,Q3,8,FIN_AUDIT,123.5,126
2024-09-01,2024,Q3,9,FIN_AUDIT,122.5,127
2024-10-01,2024,Q4,10,FIN_AUDIT,125.6,134
2024-11-01,2024,Q4,11,FIN_AUDIT,123.4,128
2024-12-01,2024,Q4,12,FIN_AUDIT,122.6,129
2025-01-01,2025,Q1,1,FIN_AUDIT,127.0,130
2025-02-01,2025,Q1,2,FIN_AUDIT,127.9,133
2025-03-01,2025,Q1,3,FIN_AUDIT,129.5,136
2025-04-01,2025,Q2,4,FIN_AUDIT,127.1,135
2025-05-01,2025,Q2,5,FIN_AUDIT,129.5,139
2025-06-01,2025,Q2,6,FIN_AUDIT,129.3,132
2025-07-01,2025,Q3,7,FIN_AUDIT,127.5,137
2025-08-01,2025,Q3,8,FIN_AUDIT,128.3,137
2025-09-01,2025,Q3,9,FIN_AUDIT,129.3,132
2025-10-01,2025,Q4,10,FIN_AUDIT,126.9,132
2025-11-01,2025,Q4,11,FIN_AUDIT,129.6,137
2025-12-01,2025,Q4,12,FIN_AUDIT,129.7,136
2026-01-01,2026,Q1,1,FIN_AUDIT,134.1,144
2026-02-01,2026,Q1,2,FIN_AUDIT,133.3,141
2026-03-01,2026,Q1,3,FIN_AUDIT,134.7,144
2026-04-01,2026,Q2,4,FIN_AUDIT,133.0,139
2026-05-01,2026,Q2,5,FIN_AUDIT,132.8,138
2026-06-01,2026,Q2,6,FIN_AUDIT,131.3,137
2026-07-01,2026,Q3,7,FIN_AUDIT,132.9,136
2026-08-01,2026,Q3,8,FIN_AUDIT,134.2,141
2026-09-01,2026,Q3,9,FIN_AUDIT,131.4,141
2026-10-01,2026,Q4,10,FIN_AUDIT,131.9,138
2026-11-01,2026,Q4,11,FIN_AUDIT,133.6,137
2026-12-01,2026,Q4,12,FIN_AUDIT,132.2,138
2023-01-01,2023,Q1,1,EN_HR,345.2,359
2023-02-01,2023,Q1,2,EN_HR,350.9,364
2023-03-01,2023,Q1,3,EN_HR,352.5,368
2023-04-01,2023,Q2,4,EN_HR,350.1,374
2023-05-01,2023,Q2,5,EN_HR,351.5,375
2023-06-01,2023,Q2,6,EN_HR,353.4,365
2023-07-01,2023,Q3,7,EN_HR,345.9,364
2023-08-01,2023,Q3,8,EN_HR,351.9,369
2023-09-01,2023,Q3,9,EN_HR,355.0,376
2023-10-01,2023,Q4,10,EN_HR,352.9,375
2023-11-01,2023,Q4,11,EN_HR,345.2,365
2023-12-01,2023,Q4,12,EN_HR,353.1,367
2024-01-01,2024,Q1,1,EN_HR,362.1,376
2024-02-01,2024,Q1,2,EN_HR,360.4,371
2024-03-01,2024,Q1,3,EN_HR,363.0,386
2024-04-01,2024,Q2,4,EN_HR,362.7,377
2024-05-01,2024,Q2,5,EN_HR,364.0,387
2024-06-01,2024,Q2,6,EN_HR,357.2,383
2024-07-01,2024,Q3,7,EN_HR,365.8,386
2024-08-01,2024,Q3,8,EN_HR,365.2,385
2024-09-01,2024,Q3,9,EN_HR,361.7,383
2024-10-01,2024,Q4,10,EN_HR,360.3,368
2024-11-01,2024,Q4,11,EN_HR,361.3,379
2024-12-01,2024,Q4,12,EN_HR,366.0,393
2025-01-01,2025,Q1,1,EN_HR,369.4,398
2025-02-01,2025,Q1,2,EN_HR,377.6,406
2025-03-01,2025,Q1,3,EN_HR,370.1,385
2025-04-01,2025,Q2,4,EN_HR,374.5,396
2025-05-01,2025,Q2,5,EN_HR,371.4,394
2025-06-01,2025,Q2,6,EN_HR,373.2,395
2025-07-01,2025,Q3,7,EN_HR,373.2,388
2025-08-01,2025,Q3,8,EN_HR,371.8,386
2025-09-01,2025,Q3,9,EN_HR,372.5,396
2025-10-01,2025,Q4,10,EN_HR,369.7,393
2025-11-01,2025,Q4,11,EN_HR,379.6,403
2025-12-01,2025,Q4,12,EN_HR,376.9,394
2026-01-01,2026,Q1,1,EN_HR,390.4,409
2026-02-01,2026,Q1,2,EN_HR,388.3,418
2026-03-01,2026,Q1,3,EN_HR,389.1,417
2026-04-01,2026,Q2,4,EN_HR,389.7,418
2026-05-01,2026,Q2,5,EN_HR,383.8,413
2026-06-01,2026,Q2,6,EN_HR,383.5,412
2026-07-01,2026,Q3,7,EN_HR,390.8,409
2026-08-01,2026,Q3,8,EN_HR,383.9,406
2026-09-01,2026,Q3,9,EN_HR,393.0,401
2026-10-01,2026,Q4,10,EN_HR,391.0,406
2026-11-01,2026,Q4,11,EN_HR,391.1,400
2026-12-01,2026,Q4,12,EN_HR,383.7,395
2023-01-01,2023,Q1,1,EN_IT,548.4,582
2023-02-01,2023,Q1,2,EN_IT,547.8,574
2023-03-01,2023,Q1,3,EN_IT,553.2,593
2023-04-01,2023,Q2,4,EN_IT,546.4,588
2023-05-01,2023,Q2,5,EN_IT,542.1,575
2023-06-01,2023,Q2,6,EN_IT,546.9,571
2023-07-01,2023,Q3,7,EN_IT,549.7,577
2023-08-01,2023,Q3,8,EN_IT,546.0,565
2023-09-01,2023,Q3,9,EN_IT,557.6,572
2023-10-01,2023,Q4,10,EN_IT,546.6,584
2023-11-01,2023,Q4,11,EN_IT,557.6,570
2023-12-01,2023,Q4,12,EN_IT,546.0,574
2024-01-01,2024,Q1,1,EN_IT,568.7,583
2024-02-01,2024,Q1,2,EN_IT,561.0,576
2024-03-01,2024,Q1,3,EN_IT,568.6,606
2024-04-01,2024,Q2,4,EN_IT,564.7,581
2024-05-01,2024,Q2,5,EN_IT,568.6,581
2024-06-01,2024,Q2,6,EN_IT,565.6,586
2024-07-01,2024,Q3,7,EN_IT,574.1,586
2024-08-01,2024,Q3,8,EN_IT,564.9,586
2024-09-01,2024,Q3,9,EN_IT,567.1,592
2024-10-01,2024,Q4,10,EN_IT,569.8,615
2024-11-01,2024,Q4,11,EN_IT,575.7,609
2024-12-01,2024,Q4,12,EN_IT,565.1,603
2025-01-01,2025,Q1,1,EN_IT,592.3,630
2025-02-01,2025,Q1,2,EN_IT,591.6,605
2025-03-01,2025,Q1,3,EN_IT,594.4,614
2025-04-01,2025,Q2,4,EN_IT,597.7,638
2025-05-01,2025,Q2,5,EN_IT,588.2,620
2025-06-01,2025,Q2,6,EN_IT,593.4,638
2025-07-01,2025,Q3,7,EN_IT,590.5,611
2025-08-01,2025,Q3,8,EN_IT,595.2,612
2025-09-01,2025,Q3,9,EN_IT,588.6,610
2025-10-01,2025,Q4,10,EN_IT,589.7,605
2025-11-01,2025,Q4,11,EN_IT,596.9,615
2025-12-01,2025,Q4,12,EN_IT,582.0,608
2026-01-01,2026,Q1,1,EN_IT,618.5,639
2026-02-01,2026,Q1,2,EN_IT,605.2,646
2026-03-01,2026,Q1,3,EN_IT,617.5,655
2026-04-01,2026,Q2,4,EN_IT,615.6,631
2026-05-01,2026,Q2,5,EN_IT,615.0,633
2026-06-01,2026,Q2,6,EN_IT,607.4,622
2026-07-01,2026,Q3,7,EN_IT,615.6,630
2026-08-01,2026,Q3,8,EN_IT,605.1,625
2026-09-01,2026,Q3,9,EN_IT,614.5,636
2026-10-01,2026,Q4,10,EN_IT,614.0,631
2026-11-01,2026,Q4,11,EN_IT,616.9,659
2026-12-01,2026,Q4,12,EN_IT,609.2,622
2023-01-01,2023,Q1,1,EN_LEGAL,282.6,304
2023-02-01,2023,Q1,2,EN_LEGAL,281.6,290
2023-03-01,2023,Q1,3,EN_LEGAL,277.0,284
2023-04-01,2023,Q2,4,EN_LEGAL,281.3,289
2023-05-01,2023,Q2,5,EN_LEGAL,276.8,295
2023-06-01,2023,Q2,6,EN_LEGAL,278.0,294
2023-07-01,2023,Q3,7,EN_LEGAL,276.8,296
2023-08-01,2023,Q3,8,EN_LEGAL,283.4,299
2023-09-01,2023,Q3,9,EN_LEGAL,276.0,281
2023-10-01,2023,Q4,10,EN_LEGAL,276.7,294
2023-11-01,2023,Q4,11,EN_LEGAL,281.3,290
2023-12-01,2023,Q4,12,EN_LEGAL,282.4,294
2024-01-01,2024,Q1,1,EN_LEGAL,286.6,293
2024-02-01,2024,Q1,2,EN_LEGAL,291.3,301
2024-03-01,2024,Q1,3,EN_LEGAL,291.1,304
2024-04-01,2024,Q2,4,EN_LEGAL,293.5,310
2024-05-01,2024,Q2,5,EN_LEGAL,293.7,312
2024-06-01,2024,Q2,6,EN_LEGAL,288.6,297
2024-07-01,2024,Q3,7,EN_LEGAL,287.8,295
2024-08-01,2024,Q3,8,EN_LEGAL,292.2,300
2024-09-01,2024,Q3,9,EN_LEGAL,292.7,300
2024-10-01,2024,Q4,10,EN_LEGAL,291.4,308
2024-11-01,2024,Q4,11,EN_LEGAL,290.9,309
2024-12-01,2024,Q4,12,EN_LEGAL,288.2,306
2025-01-01,2025,Q1,1,EN_LEGAL,299.2,317
2025-02-01,2025,Q1,2,EN_LEGAL,300.2,321
2025-03-01,2025,Q1,3,EN_LEGAL,298.4,308
2025-04-01,2025,Q2,4,EN_LEGAL,302.3,326
2025-05-01,2025,Q2,5,EN_LEGAL,298.3,321
2025-06-01,2025,Q2,6,EN_LEGAL,299.1,307
2025-07-01,2025,Q3,7,EN_LEGAL,301.2,313
2025-08-01,2025,Q3,8,EN_LEGAL,300.2,311
2025-09-01,2025,Q3,9,EN_LEGAL,301.0,321
2025-10-01,2025,Q4,10,EN_LEGAL,301.4,324
2025-11-01,2025,Q4,11,EN_LEGAL,297.1,306
2025-12-01,2025,Q4,12,EN_LEGAL,297.2,313
2026-01-01,2026,Q1,1,EN_LEGAL,311.3,332
2026-02-01,2026,Q1,2,EN_LEGAL,310.5,329
2026-03-01,2026,Q1,3,EN_LEGAL,314.6,334
2026-04-01,2026,Q2,4,EN_LEGAL,311.6,334
2026-05-01,2026,Q2,5,EN_LEGAL,307.4,323
2026-06-01,2026,Q2,6,EN_LEGAL,308.9,332
2026-07-01,2026,Q3,7,EN_LEGAL,310.4,317
2026-08-01,2026,Q3,8,EN_LEGAL,310.4,329
2026-09-01,2026,Q3,9,EN_LEGAL,306.6,325
2026-10-01,2026,Q4,10,EN_LEGAL,314.1,335
2026-11-01,2026,Q4,11,EN_LEGAL,313.3,326
2026-12-01,2026,Q4,12,EN_LEGAL,313.1,334
2023-01-01,2023,Q1,1,EN_COMMS,151.9,158
2023-02-01,2023,Q1,2,EN_COMMS,149.0,158
2023-03-01,2023,Q1,3,EN_COMMS,150.0,157
2023-04-01,2023,Q2,4,EN_COMMS,149.0,160
2023-05-01,2023,Q2,5,EN_COMMS,150.3,155
2023-06-01,2023,Q2,6,EN_COMMS,150.4,153
2023-07-01,2023,Q3,7,EN_COMMS,149.7,159
2023-08-01,2023,Q3,8,EN_COMMS,148.0,151
2023-09-01,2023,Q3,9,EN_COMMS,150.3,161
2023-10-01,2023,Q4,10,EN_COMMS,151.9,158
2023-11-01,2023,Q4,11,EN_COMMS,150.2,154
2023-12-01,2023,Q4,12,EN_COMMS,151.1,158
2024-01-01,2024,Q1,1,EN_COMMS,156.7,167
2024-02-01,2024,Q1,2,EN_COMMS,155.2,163
2024-03-01,2024,Q1,3,EN_COMMS,156.6,167
2024-04-01,2024,Q2,4,EN_COMMS,155.5,167
2024-05-01,2024,Q2,5,EN_COMMS,157.0,166
2024-06-01,2024,Q2,6,EN_COMMS,154.7,163
2024-07-01,2024,Q3,7,EN_COMMS,153.6,156
2024-08-01,2024,Q3,8,EN_COMMS,156.9,160
2024-09-01,2024,Q3,9,EN_COMMS,153.7,160
2024-10-01,2024,Q4,10,EN_COMMS,156.7,163
2024-11-01,2024,Q4,11,EN_COMMS,153.8,160
2024-12-01,2024,Q4,12,EN_COMMS,153.4,160
2025-01-01,2025,Q1,1,EN_COMMS,161.0,173
2025-02-01,2025,Q1,2,EN_COMMS,162.4,173
2025-03-01,2025,Q1,3,EN_COMMS,159.0,168
2025-04-01,2025,Q2,4,EN_COMMS,159.5,162
2025-05-01,2025,Q2,5,EN_COMMS,161.0,168
2025-06-01,2025,Q2,6,EN_COMMS,158.9,168
2025-07-01,2025,Q3,7,EN_COMMS,162.6,166
2025-08-01,2025,Q3,8,EN_COMMS,160.6,165
2025-09-01,2025,Q3,9,EN_COMMS,161.6,172
2025-10-01,2025,Q4,10,EN_COMMS,159.3,166
2025-11-01,2025,Q4,11,EN_COMMS,161.4,166
2025-12-01,2025,Q4,12,EN_COMMS,161.6,171
2026-01-01,2026,Q1,1,EN_COMMS,166.7,172
2026-02-01,2026,Q1,2,EN_COMMS,167.0,175
2026-03-01,2026,Q1,3,EN_COMMS,166.5,179
2026-04-01,2026,Q2,4,EN_COMMS,168.5,176
2026-05-01,2026,Q2,5,EN_COMMS,166.7,171
2026-06-01,2026,Q2,6,EN_COMMS,168.4,176
2026-07-01,2026,Q3,7,EN_COMMS,167.7,176
2026-08-01,2026,Q3,8,EN_COMMS,168.4,177
2026-09-01,2026,Q3,9,EN_COMMS,167.4,174
2026-10-01,2026,Q4,10,EN_COMMS,167.8,177
2026-11-01,2026,Q4,11,EN_COMMS,167.5,174
2026-12-01,2026,Q4,12,EN_COMMS,166.9,178
